"N03_007",,,"総数","300万円未満","300～500","500～700","700～1000","1000万円以上"
"01100",,"札幌市","863,550","346,350","223,910","107,820","67,390","30,620"
"01101",,"中央区","116,680","39,320","23,470","13,460","10,410","8,190"
"01102",,"北区","121,860","48,280","32,150","16,850","9,100","3,950"
"01103",,"東区","116,520","48,760","30,340","13,190","7,970","2,590"
"01104",,"白石区","102,470","47,360","27,560","10,250","5,800","1,940"
"01105",,"豊平区","106,080","47,790","28,170","12,520","7,450","3,150"
"01106",,"南区","60,170","25,540","16,760","7,730","4,600","1,790"
"01107",,"西区","91,870","38,010","25,020","12,400","7,660","3,470"
"01108",,"厚別区","52,920","16,740","13,200","6,780","4,840","2,120"
"01109",,"手稲区","52,600","19,400","15,420","7,160","4,840","1,490"
"01110",,"清田区","42,380","15,140","11,820","7,470","4,720","1,940"
"01202",,"函館市","122,130","56,790","27,860","12,210","6,870","3,060"
"01203",,"小樽市","53,080","29,560","13,180","5,450","2,840","1,080"
"01204",,"旭川市","152,480","73,700","41,310","19,690","10,880","4,200"
"01205",,"室蘭市","43,410","21,060","10,360","5,040","2,650","1,110"
"01206",,"釧路市","80,210","38,730","20,390","9,470","4,890","1,700"
"01207",,"帯広市","72,860","34,390","20,660","8,850","4,490","2,380"
"01208",,"北見市","52,740","24,590","14,460","6,640","3,360","1,230"
"01209",,"夕張市","4,700","3,100","1,030","360","110","90"
"01210",,"岩見沢市","37,140","17,560","10,460","4,980","2,360","940"
"01211",,"網走市","16,550","7,800","4,050","2,190","1,050","540"
"01212",,"留萌市","10,760","5,170","2,750","1,270","650","210"
"01213",,"苫小牧市","74,860","31,990","21,390","10,690","6,600","2,040"
"01214",,"稚内市","16,100","6,670","4,590","2,230","1,050","550"
"01215",,"美唄市","10,030","5,670","2,340","1,140","530","300"
"01216",,"芦別市","7,590","4,710","1,870","550","290","160"
"01217",,"江別市","50,230","19,760","13,090","7,250","3,460","1,230"
"01218",,"赤平市","5,030","3,100","1,140","430","250","60"
"01219",,"紋別市","11,260","5,220","2,870","1,230","750","310"
"01220",,"士別市","9,050","4,520","2,310","1,130","660","250"
"01221",,"名寄市","12,540","6,060","3,310","1,630","1,010","350"
"01222",,"三笠市","4,570","2,840","1,050","400","140","30"
"01223",,"根室市","11,550","5,070","3,040","1,660","1,070","510"
"01224",,"千歳市","38,680","14,870","12,170","6,780","3,060","850"
"01225",,"滝川市","18,190","9,370","5,070","2,140","1,010","450"
"01226",,"砂川市","7,990","3,730","2,160","950","490","200"
"01227",,"歌志内市","1,960","1,280","450","160","60","10"
"01228",,"深川市","9,890","5,160","2,630","1,150","600","340"
"01229",,"富良野市","9,560","4,720","2,290","1,350","580","290"
"01230",,"登別市","22,090","11,120","6,210","2,460","1,360","410"
"01231",,"恵庭市","27,030","11,160","7,980","4,560","2,030","610"
"01233",,"伊達市","15,470","7,850","4,330","1,820","1,080","370"
"01234",,"北広島市","22,170","7,990","6,890","3,290","2,180","780"
"01235",,"石狩市","23,240","9,110","7,390","3,610","1,730","610"
"01236",,"北斗市","18,570","8,450","5,420","2,540","1,470","330"
"01303",,"当別町","6,730","2,970","1,970","920","470","260"
"01337",,"七飯町","11,550","5,600","3,400","1,550","540","330"
"01345",,"森町","6,590","3,620","1,730","500","440","290"
"01346",,"八雲町","7,690","3,900","2,010","920","620","200"
"01400",,"倶知安町","6,530","2,610","1,830","1,220","470","170"
"01408",,"余市町","9,040","5,130","1,930","650","460","240"
"01543",,"美幌町","8,720","4,360","2,110","1,040","650","220"
"01555",,"遠軽町","9,920","5,110","2,390","910","480","190"
"01578",,"白老町","8,360","4,760","2,230","860","270","120"
"01610",,"新ひだか町","10,780","5,180","3,310","1,280","730","260"
"01631",,"音更町","18,610","8,210","4,920","2,930","1,570","640"
"01637",,"芽室町","6,810","2,180","2,040","1,310","700","450"
"01643",,"幕別町","10,710","4,520","2,860","1,750","1,030","550"
"01661",,"釧路町","8,250","3,850","2,310","1,050","580","210"
"01691",,"別海町","5,740","2,080","1,480","970","680","490"
"01692",,"中標津町","10,360","4,130","3,480","1,230","1,000","420"
"02201",,"青森市","115,170","49,990","30,230","15,490","8,880","3,140"
"02202",,"弘前市","70,700","37,370","16,010","7,860","4,520","2,210"
"02203",,"八戸市","90,740","40,730","23,780","12,500","6,260","2,840"
"02204",,"黒石市","11,280","5,460","3,090","1,480","880","370"
"02205",,"五所川原市","21,030","11,710","5,370","2,110","1,180","580"
"02206",,"十和田市","25,540","12,840","6,040","3,070","1,650","730"
"02207",,"三沢市","15,190","6,650","4,120","2,190","1,200","520"
"02208",,"むつ市","23,790","12,140","6,150","3,200","1,390","560"
"02209",,"つがる市","11,540","6,190","2,780","1,170","750","440"
"02210",,"平川市","10,240","4,940","2,890","1,370","670","340"
"02361",,"藤崎町","5,040","2,480","1,290","710","330","160"
"02381",,"板柳町","4,680","2,960","1,010","430","170","50"
"02402",,"七戸町","5,560","2,880","1,140","910","410","210"
"02408",,"東北町","5,990","2,660","1,780","730","460","320"
"02412",,"おいらせ町","8,870","3,890","2,670","1,280","790","210"
"02442",,"五戸町","6,140","3,000","1,660","770","400","290"
"02445",,"南部町","6,200","3,040","1,730","800","450","120"
"03201",,"盛岡市","123,460","48,520","32,290","16,520","11,920","5,960"
"03202",,"宮古市","22,170","12,020","5,710","2,430","1,270","610"
"03203",,"大船渡市","14,020","5,930","3,710","2,220","1,230","680"
"03205",,"花巻市","32,190","12,970","9,530","4,940","2,980","1,230"
"03206",,"北上市","34,760","13,600","10,300","5,780","3,360","1,370"
"03207",,"久慈市","13,610","7,370","3,670","1,560","710","300"
"03208",,"遠野市","9,580","4,790","2,550","1,130","720","340"
"03209",,"一関市","41,630","18,390","11,440","5,480","3,760","1,920"
"03210",,"陸前高田市","7,010","3,180","2,210","770","610","240"
"03211",,"釜石市","15,400","8,270","3,920","1,780","880","450"
"03213",,"二戸市","10,070","4,950","2,830","1,260","550","340"
"03214",,"八幡平市","9,480","4,750","2,570","1,100","710","340"
"03215",,"奥州市","41,050","16,740","11,670","6,150","3,510","1,970"
"03301",,"雫石町","5,250","1,880","1,700","810","550","320"
"03305",,"滝沢村","21,070","8,150","6,300","3,430","1,830","720"
"03321",,"紫波町","10,490","3,440","3,300","1,850","1,280","410"
"03322",,"矢巾町","9,920","3,900","2,830","1,580","1,150","300"
"03381",,"金ケ崎町","4,920","1,740","1,420","730","760","240"
"03461",,"大槌町","4,610","2,340","1,340","520","180","150"
"03482",,"山田町","5,710","3,450","1,460","550","180","70"
"03507",,"洋野町","5,730","3,170","1,580","700","200","80"
"04100",,"仙台市","504,690","165,230","117,220","65,680","45,720","23,730"
"04101",,"青葉区","165,740","58,320","31,330","18,280","13,370","8,250"
"04102",,"宮城野区","86,840","32,520","24,690","13,910","8,960","2,790"
"04103",,"若林区","60,250","19,570","15,080","7,410","4,480","2,800"
"04104",,"太白区","102,040","30,490","23,270","13,430","8,110","4,390"
"04105",,"泉区","89,820","24,330","22,850","12,650","10,800","5,500"
"04202",,"石巻市","54,070","24,290","15,000","7,420","4,220","1,920"
"04203",,"塩竃市","20,780","8,900","5,800","3,000","1,730","770"
"04205",,"気仙沼市","23,600","11,030","6,200","3,470","1,840","540"
"04206",,"白石市","12,710","5,280","3,750","1,930","1,040","620"
"04207",,"名取市","25,960","6,130","7,460","4,890","3,690","1,810"
"04208",,"角田市","9,750","3,820","2,640","1,580","930","540"
"04209",,"多賀城市","24,630","7,800","7,530","4,000","2,720","900"
"04211",,"岩沼市","15,950","5,470","4,870","2,670","1,890","670"
"04212",,"登米市","24,640","10,240","7,010","3,640","2,350","1,200"
"04213",,"栗原市","22,450","8,860","6,600","3,530","2,140","1,000"
"04214",,"東松島市","13,810","5,330","4,200","2,170","1,310","580"
"04215",,"大崎市","45,810","17,820","14,340","6,860","3,830","2,490"
"04321",,"大河原町","8,860","3,430","2,740","1,330","580","360"
"04323",,"柴田町","15,080","5,810","3,860","2,000","1,210","680"
"04341",,"丸森町","4,530","1,840","1,320","720","440","190"
"04361",,"亘理町","10,540","3,610","3,200","1,990","1,180","560"
"04362",,"山元町","4,350","1,980","1,270","590","320","130"
"04401",,"松島町","4,550","1,760","1,260","740","530","210"
"04404",,"七ケ浜町","5,940","1,580","1,980","1,290","610","380"
"04406",,"利府町","11,740","3,190","3,660","2,370","1,620","650"
"04421",,"大和町","8,970","1,820","3,340","1,850","1,070","400"
"04423",,"富谷町","16,550","3,690","5,030","3,680","2,440","1,360"
"04445",,"加美町","7,540","2,730","2,320","910","620","530"
"04501",,"涌谷町","5,230","2,080","1,880","580","500","190"
"04505",,"美里町","8,460","3,590","2,550","1,030","860","410"
"04606",,"南三陸町","4,900","2,590","1,070","660","330","210"
"05201",,"秋田市","138,620","56,980","35,060","20,850","11,920","4,990"
"05202",,"能代市","22,410","11,660","6,190","2,350","1,340","710"
"05203",,"横手市","32,090","13,980","9,030","4,500","2,790","1,220"
"05204",,"大館市","27,880","12,950","7,250","3,750","2,260","940"
"05206",,"男鹿市","11,370","6,340","2,920","1,170","500","290"
"05207",,"湯沢市","16,450","7,850","4,830","2,000","1,150","490"
"05209",,"鹿角市","11,710","5,770","3,380","1,360","790","360"
"05210",,"由利本荘市","26,860","11,680","7,280","3,920","2,330","1,090"
"05211",,"潟上市","12,210","5,800","3,470","1,500","810","400"
"05212",,"大仙市","27,120","11,110","8,070","4,150","2,450","1,120"
"05213",,"北秋田市","12,170","6,000","3,240","1,450","900","400"
"05214",,"にかほ市","8,760","3,100","2,830","1,430","960","410"
"05215",,"仙北市","9,270","4,390","2,850","1,090","490","450"
"05348",,"三種町","6,290","3,070","1,680","830","410","270"
"05434",,"美郷町","6,360","2,720","1,940","870","550","280"
"05463",,"羽後町","4,680","1,780","1,480","750","490","180"
"06201",,"山形市","99,500","34,220","26,850","16,130","10,180","5,340"
"06202",,"米沢市","32,730","12,000","8,640","4,270","2,970","1,620"
"06203",,"鶴岡市","41,340","15,110","11,870","6,460","3,930","2,530"
"06204",,"酒田市","37,720","15,220","11,090","5,630","3,420","1,610"
"06205",,"新庄市","12,210","4,870","3,410","1,750","1,060","690"
"06206",,"寒河江市","12,780","4,070","4,120","2,240","1,470","740"
"06207",,"上山市","10,710","4,140","3,100","1,680","1,050","610"
"06208",,"村山市","7,610","2,810","2,200","1,210","920","470"
"06209",,"長井市","9,250","3,370","2,430","1,550","1,130","730"
"06210",,"天童市","20,450","7,200","6,320","3,410","1,860","1,150"
"06211",,"東根市","14,440","4,490","4,600","2,820","1,600","670"
"06212",,"尾花沢市","5,080","1,950","1,590","750","470","290"
"06213",,"南陽市","10,460","3,860","3,120","1,620","1,150","620"
"06301",,"山辺町","4,500","1,630","1,000","1,060","450","330"
"06321",,"河北町","5,790","1,840","1,710","1,080","860","300"
"06381",,"高畠町","7,090","2,560","1,970","1,240","780","520"
"06382",,"川西町","4,780","1,630","1,320","920","620","230"
"06402",,"白鷹町","4,630","1,670","1,240","840","530","310"
"06428",,"庄内町","6,410","1,990","1,930","1,160","900","430"
"06461",,"遊佐町","4,640","2,060","1,020","800","480","270"
"07201",,"福島市","115,380","45,860","32,500","16,710","10,770","6,020"
"07202",,"会津若松市","47,260","20,570","12,620","6,500","4,010","2,120"
"07203",,"郡山市","133,530","49,890","35,270","18,430","11,750","6,120"
"07204",,"いわき市","123,800","46,970","34,910","18,510","10,660","5,290"
"07205",,"白河市","22,310","9,180","5,850","3,410","2,370","1,020"
"07207",,"須賀川市","25,340","8,660","7,570","4,570","2,860","1,380"
"07208",,"喜多方市","17,020","7,040","4,740","2,500","1,620","800"
"07209",,"相馬市","12,980","4,690","4,170","2,180","1,180","590"
"07210",,"二本松市","18,000","7,140","4,960","2,810","1,960","1,050"
"07211",,"田村市","11,530","4,720","3,190","1,810","1,130","540"
"07212",,"南相馬市","22,260","9,160","6,710","3,100","1,760","920"
"07213",,"伊達市","20,980","8,530","5,950","3,390","2,160","680"
"07214",,"本宮市","9,720","3,190","3,020","1,860","900","610"
"07308",,"川俣町","5,020","2,230","1,310","760","470","200"
"07368",,"南会津町","6,000","2,670","1,650","840","680","150"
"07408",,"猪苗代町","4,720","1,740","1,280","660","660","380"
"07421",,"会津坂下町","5,210","1,920","1,210","940","560","490"
"07447",,"会津美里町","6,870","2,880","1,950","930","710","340"
"07461",,"西郷村","6,200","2,510","1,720","1,070","510","360"
"07466",,"矢吹町","6,030","2,410","1,890","730","610","330"
"07481",,"棚倉町","4,430","1,870","850","650","690","330"
"07501",,"石川町","5,010","1,650","1,830","880","440","200"
"07521",,"三春町","5,730","2,080","1,860","880","610","260"
"08201",,"水戸市","115,130","41,140","30,650","17,230","11,460","6,400"
"08202",,"日立市","76,520","29,020","19,780","11,550","8,720","4,480"
"08203",,"土浦市","56,320","20,710","15,720","8,700","6,080","3,190"
"08204",,"古河市","50,480","16,150","14,850","8,330","5,520","2,670"
"08205",,"石岡市","26,540","9,700","7,600","4,380","2,620","1,350"
"08207",,"結城市","17,180","5,850","4,910","2,950","2,110","1,050"
"08208",,"龍ケ崎市","30,810","10,150","8,360","4,860","4,050","1,820"
"08210",,"下妻市","14,540","5,230","4,310","2,340","1,600","900"
"08211",,"常総市","19,470","6,190","5,770","3,550","2,280","1,440"
"08212",,"常陸太田市","18,990","7,230","5,260","3,090","2,320","1,010"
"08214",,"高萩市","11,240","4,580","3,280","1,710","980","430"
"08215",,"北茨城市","16,510","6,870","4,650","2,470","1,610","750"
"08216",,"笠間市","27,150","9,860","7,910","3,810","3,420","1,260"
"08217",,"取手市","42,010","13,770","12,010","6,820","4,960","2,540"
"08219",,"牛久市","32,320","8,540","8,800","5,840","4,770","2,200"
"08220",,"つくば市","90,150","26,210","22,070","14,980","14,650","6,410"
"08221",,"ひたちなか市","60,360","18,970","17,740","10,010","7,590","3,760"
"08222",,"鹿嶋市","24,120","8,150","6,250","3,630","2,500","1,400"
"08223",,"潮来市","10,020","3,610","3,080","1,700","1,090","410"
"08224",,"守谷市","23,420","4,230","6,830","4,830","4,220","2,670"
"08225",,"常陸大宮市","15,410","6,690","4,200","2,370","1,310","740"
"08226",,"那珂市","18,690","6,550","5,270","3,110","2,490","1,260"
"08227",,"筑西市","35,470","11,770","10,590","5,880","3,570","1,820"
"08228",,"坂東市","17,000","5,160","5,190","3,060","1,910","1,170"
"08229",,"稲敷市","14,640","5,500","4,090","2,400","1,690","940"
"08230",,"かすみがうら市","14,380","4,730","4,490","2,480","1,640","980"
"08231",,"桜川市","13,180","4,400","3,630","2,430","1,640","880"
"08232",,"神栖市","33,000","9,480","9,470","5,560","4,110","1,980"
"08233",,"行方市","10,370","3,530","2,920","1,730","1,330","830"
"08234",,"鉾田市","15,320","6,130","3,970","2,200","1,550","1,180"
"08235",,"つくばみらい市","16,820","4,590","4,970","3,430","2,310","1,050"
"08236",,"小美玉市","16,410","5,400","4,770","3,130","1,680","800"
"08302",,"茨城町","10,690","4,180","3,140","2,050","880","400"
"08309",,"大洗町","6,230","2,780","1,510","880","680","320"
"08310",,"城里町","7,500","3,120","2,040","1,220","770","300"
"08341",,"東海村","13,480","3,350","3,720","2,910","2,260","980"
"08364",,"大子町","6,710","3,420","1,730","860","470","240"
"08442",,"美浦村","6,190","2,480","1,380","1,280","680","340"
"08443",,"阿見町","17,690","5,950","4,750","2,790","2,280","1,140"
"08521",,"八千代町","6,410","2,070","1,910","1,050","820","570"
"08546",,"境町","7,870","2,300","2,590","1,340","900","500"
"08564",,"利根町","6,110","2,070","2,090","970","590","390"
"09201",,"宇都宮市","210,280","64,260","54,030","37,270","26,760","13,310"
"09202",,"足利市","58,130","24,310","16,680","8,930","4,570","2,260"
"09203",,"栃木市","48,780","16,330","14,640","8,460","5,300","2,920"
"09204",,"佐野市","44,480","16,780","12,650","7,030","4,920","2,120"
"09205",,"鹿沼市","33,970","11,490","9,570","6,330","3,910","2,280"
"09206",,"日光市","31,830","12,630","8,490","5,010","3,240","1,720"
"09208",,"小山市","62,040","20,940","16,810","10,580","7,500","3,510"
"09209",,"真岡市","26,610","8,110","7,530","4,760","3,710","2,050"
"09210",,"大田原市","26,640","9,970","6,890","4,210","2,930","1,820"
"09211",,"矢板市","11,800","3,800","3,240","1,890","1,550","710"
"09213",,"那須塩原市","43,640","14,870","13,030","7,110","4,790","2,520"
"09214",,"さくら市","14,410","3,870","4,260","2,360","1,840","780"
"09215",,"那須烏山市","9,470","3,970","2,230","1,730","900","510"
"09216",,"下野市","21,490","6,110","5,970","3,410","3,030","2,050"
"09301",,"上三川町","9,410","2,350","2,570","2,090","1,620","690"
"09342",,"益子町","7,720","2,360","2,550","1,420","800","530"
"09343",,"茂木町","4,910","2,430","1,010","760","440","260"
"09345",,"芳賀町","4,760","1,330","1,510","1,090","450","350"
"09361",,"壬生町","14,800","5,270","4,110","2,020","1,720","1,010"
"09364",,"野木町","9,610","3,140","2,710","1,710","1,200","740"
"09367",,"岩舟町","5,970","2,360","1,600","960","700","310"
"09386",,"高根沢町","10,620","2,440","3,400","2,020","1,720","660"
"09407",,"那須町","8,380","3,030","2,820","1,200","800","270"
"09411",,"那珂川町","5,570","2,000","1,740","800","630","400"
"10201",,"前橋市","131,960","49,230","35,210","19,450","13,420","7,880"
"10202",,"高崎市","151,480","55,280","42,830","24,570","14,560","8,000"
"10203",,"桐生市","45,580","20,950","12,280","5,470","3,620","2,240"
"10204",,"伊勢崎市","77,370","26,540","23,630","12,710","7,650","3,710"
"10205",,"太田市","80,400","28,520","23,080","13,390","8,290","3,960"
"10206",,"沼田市","18,990","8,230","5,650","2,710","1,590","670"
"10207",,"館林市","29,390","10,290","8,310","4,960","2,910","1,500"
"10208",,"渋川市","28,330","11,840","7,450","4,170","2,770","1,200"
"10209",,"藤岡市","24,080","8,830","6,950","4,170","2,650","960"
"10210",,"富岡市","16,650","6,240","4,810","2,560","1,580","950"
"10211",,"安中市","22,100","8,820","5,920","3,530","2,020","1,030"
"10212",,"みどり市","18,890","7,000","5,610","3,360","1,890","720"
"10345",,"吉岡町","7,130","2,000","2,330","1,140","900","410"
"10421",,"中之条町","6,510","2,510","1,830","1,130","700","180"
"10429",,"東吾妻町","5,190","1,920","1,520","780","610","350"
"10449",,"みなかみ町","7,510","3,750","1,920","850","650","310"
"10464",,"玉村町","13,810","4,330","4,160","2,560","1,460","470"
"10521",,"板倉町","4,850","1,530","1,420","880","740","290"
"10524",,"大泉町","15,410","5,680","4,720","2,760","1,390","540"
"10525",,"邑楽町","9,420","3,490","2,710","1,470","1,210","410"
"11100",,"さいたま市","513,530","139,280","134,580","90,700","73,860","45,070"
"11101",,"西区","32,160","9,030","9,760","6,430","3,840","1,900"
"11102",,"北区","60,830","16,160","15,880","12,070","9,260","4,620"
"11103",,"大宮区","48,430","11,820","12,180","8,340","8,380","4,730"
"11104",,"見沼区","64,450","20,070","17,520","11,410","7,620","4,470"
"11105",,"中央区","42,100","9,870","11,530","7,840","6,570","4,650"
"11106",,"桜区","43,590","15,380","10,500","6,640","4,520","2,460"
"11107",,"浦和区","64,490","15,420","14,600","10,090","10,280","9,100"
"11108",,"南区","72,700","16,230","19,380","14,110","11,980","7,480"
"11109",,"緑区","42,770","10,360","10,810","7,180","7,180","3,520"
"11110",,"岩槻区","42,000","14,930","12,420","6,600","4,230","2,160"
"11201",,"川越市","141,790","45,020","38,870","25,090","15,120","7,730"
"11202",,"熊谷市","76,130","26,350","21,470","12,700","8,250","3,970"
"11203",,"川口市","244,280","58,860","54,280","33,090","23,250","14,790"
"11206",,"行田市","30,800","10,470","9,050","5,060","3,360","1,350"
"11207",,"秩父市","24,040","10,370","6,550","3,500","1,940","1,000"
"11208",,"所沢市","145,190","40,560","38,460","24,630","18,550","8,800"
"11209",,"飯能市","30,290","9,980","8,130","4,960","3,430","2,110"
"11210",,"加須市","40,140","12,340","12,040","6,850","5,210","2,060"
"11211",,"本庄市","33,080","12,010","9,570","5,360","3,320","1,210"
"11212",,"東松山市","36,330","11,880","10,370","5,600","3,840","1,990"
"11214",,"春日部市","93,870","30,870","25,930","13,440","9,010","5,140"
"11215",,"狭山市","61,780","16,720","16,080","9,280","6,640","3,750"
"11216",,"羽生市","19,610","6,750","5,590","3,500","2,240","950"
"11217",,"鴻巣市","45,240","13,820","13,210","8,160","5,640","3,040"
"11218",,"深谷市","52,040","16,050","14,700","9,000","6,380","2,820"
"11219",,"上尾市","88,300","26,490","27,260","14,880","9,910","5,540"
"11221",,"草加市","103,920","34,250","29,700","17,830","10,010","5,370"
"11222",,"越谷市","131,800","40,240","36,840","23,790","16,870","8,280"
"11223",,"蕨市","32,980","11,720","8,240","4,440","3,070","2,110"
"11224",,"戸田市","55,640","14,450","14,410","11,480","6,980","4,400"
"11225",,"入間市","57,640","15,770","15,090","9,420","6,870","3,620"
"11227",,"朝霞市","60,080","11,450","11,420","8,850","6,310","3,870"
"11228",,"志木市","29,620","7,550","6,560","4,940","3,590","2,050"
"11229",,"和光市","38,350","8,200","9,630","6,940","5,870","2,230"
"11230",,"新座市","65,890","19,900","19,690","11,900","7,420","3,290"
"11231",,"桶川市","28,540","8,650","8,070","5,610","3,460","1,720"
"11232",,"久喜市","58,500","19,980","14,590","9,870","7,540","3,840"
"11233",,"北本市","26,070","8,520","7,730","4,290","2,460","1,840"
"11234",,"八潮市","33,760","9,180","10,050","5,610","2,910","1,270"
"11235",,"富士見市","46,340","15,810","11,690","7,470","4,920","2,420"
"11237",,"三郷市","53,280","18,260","16,390","8,430","5,550","3,310"
"11238",,"蓮田市","23,500","6,840","6,930","4,090","3,040","1,670"
"11239",,"坂戸市","44,170","14,560","10,780","5,870","3,610","1,670"
"11240",,"幸手市","20,600","7,710","5,510","3,150","2,040","1,070"
"11241",,"鶴ヶ島市","29,130","10,320","9,520","4,340","2,460","1,890"
"11242",,"日高市","21,010","6,690","6,180","3,940","2,620","950"
"11243",,"吉川市","24,430","7,330","7,130","4,510","3,200","1,590"
"11245",,"ふじみ野市","43,200","14,260","12,000","7,370","5,020","2,350"
"11246",,"白岡市","18,250","4,760","5,120","3,360","2,480","1,590"
"11301",,"伊奈町","16,670","4,070","4,820","2,950","2,190","920"
"11324",,"三芳町","13,580","4,300","3,970","2,910","1,420","810"
"11326",,"毛呂山町","16,010","7,100","4,200","2,380","1,350","770"
"11341",,"滑川町","6,840","1,810","1,770","1,290","1,110","380"
"11342",,"嵐山町","6,820","2,650","1,590","1,030","850","390"
"11343",,"小川町","11,500","3,930","3,050","1,690","1,940","710"
"11346",,"川島町","7,310","2,490","2,020","1,160","1,090","520"
"11347",,"吉見町","6,560","1,660","2,210","1,050","1,010","450"
"11348",,"鳩山町","5,340","1,760","1,520","880","790","390"
"11385",,"上里町","10,850","3,520","3,100","1,940","1,460","450"
"11408",,"寄居町","12,700","3,960","4,150","1,830","1,010","620"
"11442",,"宮代町","13,280","5,090","4,210","1,940","1,320","670"
"11464",,"杉戸町","17,060","5,750","4,960","3,330","1,940","1,020"
"11465",,"松伏町","10,990","3,460","3,010","1,900","1,350","450"
"12100",,"千葉市","402,540","113,870","113,010","63,900","50,160","30,420"
"12101",,"中央区","92,510","29,580","25,190","13,750","10,020","6,650"
"12102",,"花見川区","78,600","23,370","25,190","13,390","9,070","4,870"
"12103",,"稲毛区","65,970","19,830","19,090","10,840","8,990","4,740"
"12104",,"若葉区","57,850","15,650","16,360","8,860","6,480","3,560"
"12105",,"緑区","44,000","9,140","12,430","8,670","7,780","4,650"
"12106",,"美浜区","63,600","16,300","14,750","8,390","7,810","5,950"
"12202",,"銚子市","25,560","10,770","6,530","3,370","2,350","1,420"
"12203",,"市川市","220,940","55,800","64,810","37,220","31,350","16,790"
"12204",,"船橋市","267,200","67,600","63,190","40,010","31,260","17,630"
"12205",,"館山市","19,630","8,670","5,830","2,380","1,490","710"
"12206",,"木更津市","50,600","14,830","14,340","9,440","5,920","2,970"
"12207",,"松戸市","210,280","66,980","57,310","33,460","23,680","15,350"
"12208",,"野田市","59,120","20,030","17,550","9,360","6,240","3,610"
"12210",,"茂原市","35,640","12,560","9,470","5,220","3,610","1,930"
"12211",,"成田市","51,970","15,180","15,080","8,620","5,610","3,300"
"12212",,"佐倉市","67,930","18,210","19,640","13,560","7,830","6,230"
"12213",,"東金市","23,720","9,530","6,550","3,400","2,010","1,240"
"12215",,"旭市","22,020","8,760","5,690","3,610","2,410","1,440"
"12216",,"習志野市","71,190","18,510","18,270","13,060","10,290","5,840"
"12217",,"柏市","165,890","42,540","46,140","27,370","22,410","11,530"
"12218",,"勝浦市","8,620","4,890","1,880","830","460","280"
"12219",,"市原市","110,480","34,620","31,100","18,210","12,380","5,690"
"12220",,"流山市","65,530","15,790","18,810","13,140","9,830","5,120"
"12221",,"八千代市","73,970","19,130","19,350","11,650","9,530","5,940"
"12222",,"我孫子市","53,390","15,130","15,950","9,350","7,140","4,060"
"12223",,"鴨川市","14,410","5,800","3,920","1,910","1,140","610"
"12224",,"鎌ケ谷市","42,250","13,590","12,900","7,520","4,810","2,250"
"12225",,"君津市","34,560","10,840","10,020","5,970","3,740","2,040"
"12226",,"富津市","16,350","6,200","4,510","2,600","1,760","890"
"12227",,"浦安市","71,890","15,770","14,460","10,510","9,940","9,570"
"12228",,"四街道市","33,710","7,860","9,470","6,250","4,170","2,200"
"12229",,"袖ヶ浦市","22,400","5,950","7,210","4,030","2,970","1,630"
"12230",,"八街市","25,680","9,110","8,230","4,030","2,750","1,270"
"12231",,"印西市","32,310","7,440","8,650","5,660","6,140","3,600"
"12232",,"白井市","21,930","4,710","6,340","4,800","3,640","2,220"
"12233",,"富里市","19,550","6,730","5,540","2,700","1,830","1,080"
"12234",,"南房総市","15,090","7,170","4,040","1,890","1,310","670"
"12235",,"匝瑳市","12,650","4,850","3,730","1,900","1,180","780"
"12236",,"香取市","26,800","9,460","7,690","4,350","3,140","1,840"
"12237",,"山武市","18,920","7,130","5,080","3,000","2,130","1,210"
"12238",,"いすみ市","14,520","6,470","4,030","2,000","1,300","500"
"12239",,"大網白里市","18,830","6,610","5,180","2,880","2,340","1,370"
"12322",,"酒々井町","8,780","3,540","2,220","1,110","940","410"
"12329",,"栄町","8,000","2,380","2,300","1,480","1,220","590"
"12347",,"多古町","4,350","1,270","1,250","590","650","430"
"12349",,"東庄町","4,610","1,940","950","740","610","330"
"12403",,"九十九里町","6,390","2,790","2,060","720","470","280"
"12410",,"横芝光町","8,260","3,270","2,320","1,290","840","410"
"13100",,"特別区部","4,613,570","1,336,500","1,105,980","664,560","521,910","439,290"
"13101",,"千代田区","27,590","3,540","5,290","5,950","4,910","6,170"
"13102",,"中央区","76,170","13,750","17,490","13,430","12,460","15,320"
"13103",,"港区","111,380","18,700","19,050","15,420","19,660","26,310"
"13104",,"新宿区","195,350","57,820","43,440","27,350","21,100","21,120"
"13105",,"文京区","115,210","29,310","27,590","16,240","13,660","17,640"
"13106",,"台東区","100,030","30,240","24,860","15,160","12,990","8,360"
"13107",,"墨田区","124,530","39,040","32,670","20,600","12,960","6,840"
"13108",,"江東区","234,340","67,260","55,280","40,260","33,430","22,660"
"13109",,"品川区","198,710","52,130","47,130","30,550","28,000","23,770"
"13110",,"目黒区","138,370","29,900","31,220","21,570","19,090","19,870"
"13111",,"大田区","352,220","100,850","98,240","53,290","40,370","27,860"
"13112",,"世田谷区","451,770","93,790","93,760","52,830","48,450","57,530"
"13113",,"渋谷区","122,720","31,440","26,870","16,690","14,280","18,420"
"13114",,"中野区","181,660","67,290","45,440","22,620","16,420","12,930"
"13115",,"杉並区","303,800","90,620","76,780","38,940","32,390","29,660"
"13116",,"豊島区","161,960","50,740","38,970","24,960","14,460","18,510"
"13117",,"北区","174,040","60,710","41,160","20,710","17,880","12,000"
"13118",,"荒川区","97,750","31,790","24,930","14,630","12,810","7,120"
"13119",,"板橋区","269,370","90,670","63,540","35,470","22,860","15,050"
"13120",,"練馬区","343,890","98,350","80,610","49,000","39,160","28,280"
"13121",,"足立区","326,480","121,080","83,460","44,400","28,680","14,020"
"13122",,"葛飾区","198,420","67,540","48,970","31,730","21,100","12,700"
"13123",,"江戸川区","307,820","89,960","79,220","52,770","34,770","17,160"
"13201",,"八王子市","251,630","89,370","63,880","36,180","28,250","17,280"
"13202",,"立川市","74,780","15,700","12,230","7,960","6,060","3,910"
"13203",,"武蔵野市","70,940","17,930","18,070","9,470","8,650","8,520"
"13204",,"三鷹市","86,740","24,890","19,960","13,870","10,840","8,800"
"13205",,"青梅市","49,850","16,800","14,160","7,650","5,850","2,790"
"13206",,"府中市","113,650","34,690","28,860","19,070","16,110","9,100"
"13207",,"昭島市","47,560","16,750","13,200","7,200","5,800","2,580"
"13208",,"調布市","108,190","34,550","27,020","16,260","13,310","8,720"
"13209",,"町田市","206,920","62,550","50,540","30,360","23,700","17,090"
"13210",,"小金井市","57,150","12,080","10,570","6,840","5,910","5,200"
"13211",,"小平市","81,900","24,540","21,820","11,170","11,480","6,420"
"13212",,"日野市","79,080","25,280","20,680","13,290","10,240","6,520"
"13213",,"東村山市","64,860","17,820","14,400","9,310","7,110","3,360"
"13214",,"国分寺市","61,750","16,670","14,290","7,800","7,380","6,570"
"13215",,"国立市","36,140","11,280","8,270","5,200","4,210","3,380"
"13218",,"福生市","26,240","8,900","7,100","4,080","2,660","1,310"
"13219",,"狛江市","39,570","13,880","10,070","5,100","4,240","2,790"
"13220",,"東大和市","34,420","10,160","7,760","4,940","3,570","2,070"
"13221",,"清瀬市","32,900","10,760","6,880","4,140","2,810","1,610"
"13222",,"東久留米市","49,730","16,810","13,450","7,500","6,100","2,940"
"13223",,"武蔵村山市","26,700","9,070","7,530","3,810","2,290","1,170"
"13224",,"多摩市","66,580","21,000","19,910","10,140","7,850","4,960"
"13225",,"稲城市","35,850","8,690","9,470","6,810","5,230","3,930"
"13227",,"羽村市","23,450","7,510","6,840","3,830","2,670","1,490"
"13228",,"あきる野市","29,840","8,570","9,850","5,280","3,530","1,480"
"13229",,"西東京市","87,510","26,840","22,150","12,880","10,940","7,120"
"13303",,"瑞穂町","12,850","3,920","3,720","2,420","1,420","640"
"13305",,"日の出町","5,560","1,640","1,800","1,240","530","320"
"14100",,"横浜市","1,588,170","413,790","422,540","282,980","232,160","159,950"
"14101",,"鶴見区","125,500","34,310","32,660","22,560","17,910","9,460"
"14102",,"神奈川区","113,560","33,810","30,980","16,980","15,050","9,110"
"14103",,"西区","50,880","12,580","13,280","8,610","7,560","4,710"
"14104",,"中区","70,550","20,230","18,260","10,640","10,420","7,710"
"14105",,"南区","91,170","30,600","25,280","14,550","10,520","4,800"
"14106",,"保土ケ谷区","90,040","28,300","25,800","14,490","10,080","7,610"
"14107",,"磯子区","70,740","20,810","20,350","12,240","9,380","5,850"
"14108",,"金沢区","86,040","20,420","22,330","15,560","12,090","8,550"
"14109",,"港北区","160,910","37,240","41,060","28,990","24,550","16,950"
"14110",,"戸塚区","110,130","27,970","28,690","20,790","17,510","11,690"
"14111",,"港南区","91,230","23,100","26,880","17,140","13,750","8,150"
"14112",,"旭区","99,980","27,030","30,040","18,110","13,540","7,900"
"14113",,"緑区","72,060","19,070","20,030","14,460","10,660","6,190"
"14114",,"瀬谷区","49,850","15,940","13,860","9,180","6,640","3,030"
"14115",,"栄区","48,270","12,290","13,450","9,990","6,630","4,440"
"14116",,"泉区","59,360","16,590","16,010","11,200","8,880","5,650"
"14117",,"青葉区","119,420","21,110","25,360","22,020","21,490","24,610"
"14118",,"都筑区","78,490","12,390","18,220","15,460","15,490","13,540"
"14130",,"川崎市","673,480","183,960","169,280","117,070","92,690","61,560"
"14131",,"川崎区","105,340","34,310","29,650","16,140","9,870","5,330"
"14132",,"幸区","71,880","21,770","18,520","12,200","9,140","6,490"
"14133",,"中原区","117,670","26,790","25,740","21,800","16,650","14,710"
"14134",,"高津区","103,990","28,240","27,150","19,100","14,680","8,720"
"14135",,"多摩区","106,200","30,850","28,890","19,150","13,940","6,380"
"14136",,"宮前区","93,500","23,980","20,930","17,130","15,680","9,280"
"14137",,"麻生区","74,890","18,020","18,400","11,550","12,730","10,660"
"14150",,"相模原市","300,890","84,730","76,460","49,640","34,900","16,420"
"14151",,"緑区","69,500","20,440","18,480","11,830","8,470","4,020"
"14152",,"中央区","111,240","32,700","28,600","17,180","12,790","5,310"
"14153",,"南区","120,150","31,590","29,380","20,640","13,640","7,090"
"14201",,"横須賀市","167,820","55,810","47,420","26,910","18,800","8,510"
"14203",,"平塚市","102,860","32,550","28,920","17,840","12,250","6,060"
"14204",,"鎌倉市","71,980","17,110","18,700","12,230","11,070","9,120"
"14205",,"藤沢市","175,510","45,680","48,680","31,900","24,390","14,930"
"14206",,"小田原市","77,950","24,540","21,020","14,050","9,050","5,010"
"14207",,"茅ケ崎市","93,720","24,290","24,420","16,310","13,620","7,000"
"14208",,"逗子市","23,840","6,490","6,120","4,020","3,980","2,660"
"14210",,"三浦市","18,320","6,800","5,170","2,950","1,920","1,010"
"14211",,"秦野市","67,490","23,170","17,660","11,310","7,940","4,260"
"14212",,"厚木市","91,680","27,530","26,950","16,810","10,210","5,620"
"14213",,"大和市","100,030","28,850","29,210","17,500","11,900","5,700"
"14214",,"伊勢原市","39,470","12,260","11,820","6,610","4,670","2,870"
"14215",,"海老名市","52,380","15,140","14,170","10,140","7,440","3,810"
"14216",,"座間市","53,890","16,130","15,820","9,260","5,870","2,740"
"14217",,"南足柄市","15,530","4,440","4,610","2,760","2,170","1,290"
"14218",,"綾瀬市","32,000","9,040","9,970","5,710","3,590","1,800"
"14301",,"葉山町","12,690","3,180","2,980","2,520","2,190","1,490"
"14321",,"寒川町","17,840","4,870","5,860","3,250","2,000","940"
"14341",,"大磯町","12,110","3,430","3,340","2,340","1,620","1,080"
"14342",,"二宮町","11,300","3,310","2,900","1,820","1,670","910"
"14362",,"大井町","6,460","1,850","2,280","990","850","400"
"14366",,"開成町","6,120","1,590","2,000","1,050","860","430"
"14384",,"湯河原町","10,920","4,610","3,170","1,380","1,120","390"
"14401",,"愛川町","15,900","5,380","4,890","2,440","1,520","430"
"15100",,"新潟市","321,980","111,360","88,680","50,850","33,060","17,440"
"15101",,"北区","27,170","9,670","7,160","4,420","2,320","1,220"
"15102",,"東区","58,300","20,420","17,640","9,210","4,880","2,370"
"15103",,"中央区","87,360","32,190","22,100","12,870","8,980","5,280"
"15104",,"江南区","22,910","7,650","6,600","3,870","2,490","1,030"
"15105",,"秋葉区","26,140","8,480","8,140","4,190","2,970","1,390"
"15106",,"南区","14,650","4,420","4,570","2,530","1,790","980"
"15107",,"西区","66,140","22,910","16,820","9,610","7,380","3,810"
"15108",,"西蒲区","19,300","5,600","5,640","4,140","2,240","1,360"
"15202",,"長岡市","98,130","31,710","29,840","16,660","11,250","5,900"
"15204",,"三条市","32,710","10,560","9,500","5,760","3,970","2,190"
"15205",,"柏崎市","32,710","10,150","9,370","5,850","4,080","1,960"
"15206",,"新発田市","32,990","12,510","9,360","5,310","3,530","1,490"
"15208",,"小千谷市","11,620","3,430","3,660","2,110","1,340","940"
"15209",,"加茂市","9,410","3,250","2,600","1,760","1,190","550"
"15210",,"十日町市","18,320","6,640","5,400","3,030","2,080","1,020"
"15211",,"見附市","12,890","3,360","4,160","2,520","1,740","930"
"15212",,"村上市","21,460","9,210","6,180","3,030","1,980","930"
"15213",,"燕市","26,580","8,010","8,120","4,530","3,070","2,050"
"15216",,"糸魚川市","16,590","6,100","4,740","2,880","1,960","740"
"15217",,"妙高市","11,300","3,660","3,250","2,070","1,370","740"
"15218",,"五泉市","16,150","5,880","4,950","2,680","1,720","840"
"15222",,"上越市","70,500","23,390","21,170","12,480","8,340","4,180"
"15223",,"阿賀野市","12,890","3,940","3,640","2,140","1,440","770"
"15224",,"佐渡市","22,630","10,940","6,040","2,920","1,730","800"
"15225",,"魚沼市","12,480","4,500","3,580","2,260","1,460","690"
"15226",,"南魚沼市","18,780","6,370","5,570","3,050","2,250","1,200"
"15227",,"胎内市","9,970","3,580","3,130","1,510","1,140","570"
"16201",,"富山市","160,910","50,200","42,940","29,550","19,120","10,730"
"16202",,"高岡市","61,990","19,360","18,000","10,390","6,970","4,390"
"16204",,"魚津市","16,500","5,290","4,370","2,890","1,900","1,130"
"16205",,"氷見市","15,790","4,990","4,500","2,990","2,230","990"
"16206",,"滑川市","10,980","2,870","3,360","2,240","1,580","880"
"16207",,"黒部市","14,220","4,240","4,150","2,550","1,830","1,120"
"16208",,"砺波市","15,200","3,630","4,430","3,070","2,500","1,310"
"16209",,"小矢部市","8,470","2,190","2,230","1,740","1,300","990"
"16210",,"南砺市","16,400","5,000","4,850","3,100","1,980","1,400"
"16211",,"射水市","31,080","9,160","9,070","5,530","3,690","1,920"
"16322",,"上市町","7,150","2,130","2,070","1,350","1,020","600"
"16323",,"立山町","8,500","2,440","2,360","2,010","1,180","510"
"16342",,"入善町","8,140","1,830","2,340","1,820","1,320","840"
"17201",,"金沢市","194,940","68,340","48,610","29,950","17,830","11,290"
"17202",,"七尾市","20,010","8,510","5,060","3,210","1,910","990"
"17203",,"小松市","36,680","10,620","10,410","6,780","4,890","2,920"
"17204",,"輪島市","10,870","5,950","2,870","1,020","640","350"
"17205",,"珠洲市","5,900","3,030","1,390","750","510","210"
"17206",,"加賀市","25,760","10,110","6,840","3,800","2,290","1,330"
"17207",,"羽咋市","7,730","2,650","2,150","1,300","960","620"
"17209",,"かほく市","11,190","3,470","3,320","2,110","1,420","770"
"17210",,"白山市","36,570","9,150","11,020","7,250","5,110","2,790"
"17211",,"能美市","15,980","4,010","4,630","3,840","2,110","1,240"
"17212",,"野々市市","24,300","8,290","5,620","3,290","2,330","1,360"
"17361",,"津幡町","12,010","2,920","3,310","2,720","1,790","960"
"17365",,"内灘町","9,580","2,570","2,430","1,570","1,290","590"
"17384",,"志賀町","6,770","2,480","1,830","1,090","840","440"
"17407",,"中能登町","6,420","2,480","1,870","920","730","330"
"17463",,"能登町","7,150","3,690","1,690","750","620","400"
"18201",,"福井市","93,280","30,310","25,950","15,380","12,010","7,270"
"18202",,"敦賀市","26,170","7,830","7,860","4,770","2,970","1,230"
"18204",,"小浜市","10,990","3,930","3,090","1,700","1,310","620"
"18205",,"大野市","9,890","3,190","2,790","1,720","1,380","750"
"18206",,"勝山市","7,440","2,490","2,020","1,310","990","620"
"18207",,"鯖江市","20,770","6,010","6,330","3,580","2,970","1,440"
"18208",,"あわら市","9,710","3,070","2,390","1,700","1,440","870"
"18209",,"越前市","28,060","8,370","8,200","5,000","3,970","2,210"
"18210",,"坂井市","27,080","6,970","7,760","5,800","4,030","2,190"
"18322",,"永平寺町","6,910","2,780","1,550","990","1,000","480"
"18423",,"越前町","6,570","1,910","1,830","1,200","990","630"
"18501",,"若狭町","4,750","1,250","1,370","880","790","460"
"19201",,"甲府市","84,960","33,180","18,840","10,280","7,050","3,760"
"19202",,"富士吉田市","17,580","6,650","4,670","2,810","1,400","1,040"
"19204",,"都留市","13,770","5,790","3,440","1,890","1,080","610"
"19205",,"山梨市","13,220","5,140","3,940","2,070","1,280","660"
"19206",,"大月市","10,120","4,580","2,630","1,400","990","450"
"19207",,"韮崎市","11,350","4,430","3,240","1,870","1,200","520"
"19208",,"南アルプス市","24,770","8,800","7,150","4,780","2,680","1,100"
"19209",,"北杜市","18,250","7,770","5,470","2,320","1,550","870"
"19210",,"甲斐市","28,870","10,540","9,050","3,890","2,820","1,380"
"19211",,"笛吹市","24,860","8,490","6,940","4,030","2,120","1,040"
"19212",,"上野原市","9,810","3,840","2,300","1,530","1,260","600"
"19213",,"甲州市","11,390","4,620","3,190","1,790","1,190","570"
"19214",,"中央市","12,720","4,560","3,470","1,930","1,090","770"
"19346",,"市川三郷町","5,630","2,190","1,630","670","870","260"
"19368",,"富士川町","5,990","2,430","1,750","760","690","260"
"19384",,"昭和町","8,890","3,380","2,750","1,160","550","700"
"19430",,"富士河口湖町","9,650","3,300","2,880","1,600","890","590"
"20201",,"長野市","146,700","46,480","42,100","25,400","17,160","8,150"
"20202",,"松本市","95,860","33,100","28,660","15,720","10,310","5,000"
"20203",,"上田市","60,670","21,350","17,700","8,510","5,210","2,850"
"20204",,"岡谷市","18,920","5,880","5,730","3,370","2,090","1,110"
"20205",,"飯田市","37,080","12,580","11,430","5,860","3,600","2,410"
"20206",,"諏訪市","19,810","6,540","6,300","3,220","1,960","1,190"
"20207",,"須坂市","18,750","6,550","5,500","3,280","1,960","880"
"20208",,"小諸市","17,020","7,230","5,450","1,930","1,570","580"
"20209",,"伊那市","25,450","8,070","8,840","3,980","2,750","1,140"
"20210",,"駒ケ根市","12,400","4,200","3,750","2,050","1,380","670"
"20211",,"中野市","15,040","5,210","4,580","2,470","1,480","750"
"20212",,"大町市","10,960","4,480","3,130","1,540","1,020","460"
"20213",,"飯山市","7,460","3,260","2,020","1,120","590","370"
"20214",,"茅野市","21,070","7,320","6,980","3,590","2,120","820"
"20215",,"塩尻市","25,430","8,110","7,300","4,940","3,000","1,390"
"20217",,"佐久市","37,750","14,800","11,180","6,530","3,110","1,530"
"20218",,"千曲市","21,130","7,400","6,230","4,050","2,390","1,040"
"20219",,"東御市","10,540","3,740","3,320","1,750","980","410"
"20220",,"安曇野市","33,940","10,220","10,260","5,930","3,930","2,130"
"20321",,"軽井沢町","9,300","3,800","2,870","960","670","690"
"20361",,"下諏訪町","8,070","3,060","2,150","1,410","830","580"
"20362",,"富士見町","5,290","1,990","1,280","1,130","550","290"
"20382",,"辰野町","7,260","2,310","2,330","1,270","750","520"
"20383",,"箕輪町","9,370","2,800","3,270","1,660","900","520"
"20521",,"坂城町","5,150","1,810","1,750","810","440","290"
"21201",,"岐阜市","164,720","60,640","41,730","23,130","16,440","11,470"
"21202",,"大垣市","60,300","19,230","17,530","10,000","6,500","3,540"
"21203",,"高山市","31,900","10,320","10,370","5,420","3,240","1,930"
"21204",,"多治見市","41,820","12,310","12,000","7,180","5,410","3,190"
"21205",,"関市","32,620","12,800","9,020","4,770","3,510","1,560"
"21206",,"中津川市","27,720","9,570","8,290","4,600","3,050","1,330"
"21207",,"美濃市","7,200","2,500","1,820","1,500","810","450"
"21208",,"瑞浪市","13,600","4,720","4,220","2,390","1,300","840"
"21209",,"羽島市","22,560","6,620","6,700","4,130","2,660","1,190"
"21210",,"恵那市","18,430","6,860","4,890","2,970","2,290","1,000"
"21211",,"美濃加茂市","20,180","7,350","5,730","3,160","2,280","1,080"
"21212",,"土岐市","20,910","7,340","5,740","3,500","2,450","1,070"
"21213",,"各務原市","52,990","15,420","15,460","9,710","6,730","3,970"
"21214",,"可児市","34,960","9,310","11,370","6,730","4,280","2,130"
"21215",,"山県市","9,700","3,820","2,660","1,470","1,010","640"
"21216",,"瑞穂市","20,310","6,470","5,990","3,780","2,050","1,050"
"21217",,"飛騨市","8,430","2,690","2,410","1,580","1,130","540"
"21218",,"本巣市","11,080","2,970","3,600","2,170","1,270","710"
"21219",,"郡上市","13,450","4,450","4,030","2,570","1,590","770"
"21220",,"下呂市","11,770","4,360","3,100","2,080","1,290","660"
"21221",,"海津市","11,280","3,170","3,440","2,240","1,480","740"
"21302",,"岐南町","8,880","3,100","2,360","1,490","1,070","710"
"21303",,"笠松町","8,340","3,110","2,180","1,170","880","570"
"21341",,"養老町","9,760","3,490","2,860","1,500","1,040","710"
"21361",,"垂井町","9,260","3,070","2,840","1,560","1,140","610"
"21381",,"神戸町","6,350","1,940","1,930","1,250","680","390"
"21383",,"安八町","4,870","1,330","1,300","720","700","480"
"21401",,"揖斐川町","7,790","2,960","2,190","1,360","670","580"
"21403",,"大野町","8,120","2,180","1,990","1,430","1,070","1,310"
"21404",,"池田町","7,450","1,710","2,420","1,500","1,090","680"
"21421",,"北方町","6,620","2,160","1,940","890","700","480"
"21521",,"御嵩町","6,100","1,920","1,640","1,130","760","470"
"22100",,"静岡市","275,170","87,830","73,140","45,910","31,030","17,120"
"22101",,"葵区","100,180","33,080","27,540","15,890","11,160","6,540"
"22102",,"駿河区","82,660","24,940","21,160","13,830","9,270","5,950"
"22103",,"清水区","92,320","29,820","24,440","16,180","10,600","4,630"
"22130",,"浜松市","304,040","88,940","88,910","52,480","37,970","21,140"
"22131",,"中区","107,970","34,600","30,550","16,840","11,150","7,470"
"22132",,"東区","48,350","13,450","14,580","8,910","6,750","3,480"
"22133",,"西区","38,350","9,660","10,970","7,490","5,460","2,800"
"22134",,"南区","35,790","9,710","10,850","6,500","4,550","2,220"
"22135",,"北区","31,750","8,770","9,180","5,600","4,370","2,640"
"22136",,"浜北区","30,520","7,620","9,820","5,650","4,580","2,070"
"22137",,"天竜区","11,310","5,130","2,960","1,490","1,110","480"
"22203",,"沼津市","79,170","26,380","20,820","12,480","8,940","4,850"
"22205",,"熱海市","18,870","9,310","5,010","1,880","1,650","800"
"22206",,"三島市","46,300","15,810","12,750","6,540","5,380","3,380"
"22207",,"富士宮市","46,830","14,290","14,230","8,360","5,100","3,570"
"22208",,"伊東市","30,980","14,840","8,500","3,390","1,710","720"
"22209",,"島田市","33,650","9,940","10,090","6,240","4,840","2,330"
"22210",,"富士市","91,410","25,800","26,570","17,690","12,300","5,900"
"22211",,"磐田市","57,620","16,060","17,240","11,550","7,310","4,080"
"22212",,"焼津市","49,170","12,550","15,220","9,540","6,270","3,430"
"22213",,"掛川市","39,270","10,080","11,670","7,230","5,560","3,280"
"22214",,"藤枝市","50,830","14,320","15,170","9,950","6,720","3,550"
"22215",,"御殿場市","30,660","7,980","9,290","6,120","4,500","2,250"
"22216",,"袋井市","30,210","7,830","9,750","5,770","4,130","1,780"
"22219",,"下田市","10,380","5,050","3,050","1,200","790","290"
"22220",,"裾野市","18,340","4,500","5,410","3,630","2,690","1,530"
"22221",,"湖西市","21,010","5,360","6,110","4,030","3,020","1,640"
"22222",,"伊豆市","12,280","4,860","3,640","1,890","1,070","550"
"22223",,"御前崎市","11,410","2,790","3,480","2,030","1,600","1,020"
"22224",,"菊川市","15,150","4,160","4,480","3,220","2,110","970"
"22225",,"伊豆の国市","18,660","6,580","5,350","3,170","2,040","960"
"22226",,"牧之原市","14,770","4,360","4,350","2,930","1,800","1,180"
"22325",,"函南町","14,470","4,480","4,310","2,350","2,010","880"
"22341",,"清水町","11,570","3,240","3,610","1,990","1,510","950"
"22342",,"長泉町","13,710","2,700","4,010","2,670","2,160","1,600"
"22344",,"小山町","6,420","1,860","1,870","1,160","890","600"
"22424",,"吉田町","10,010","2,440","3,250","1,650","1,360","840"
"22461",,"森町","6,020","1,790","1,880","1,220","720","420"
"23100",,"名古屋市","1,101,830","357,630","253,870","148,890","108,780","71,620"
"23101",,"千種区","89,840","29,890","16,420","12,310","10,170","8,560"
"23102",,"東区","42,260","12,240","7,750","4,770","3,940","3,590"
"23103",,"北区","81,830","31,200","21,020","11,150","7,130","3,620"
"23104",,"西区","67,870","23,110","17,580","11,020","7,290","3,460"
"23105",,"中村区","74,850","30,190","16,990","7,650","5,110","2,740"
"23106",,"中区","59,050","21,800","15,810","6,650","5,660","3,380"
"23107",,"昭和区","57,390","15,550","8,660","5,020","5,090","5,540"
"23108",,"瑞穂区","51,330","13,070","9,790","6,050","5,070","4,560"
"23109",,"熱田区","30,970","9,050","6,360","4,040","2,880","2,040"
"23110",,"中川区","101,080","37,380","26,080","13,150","7,930","4,380"
"23111",,"港区","64,410","23,770","16,870","9,570","4,960","2,210"
"23112",,"南区","62,620","24,210","14,990","7,800","5,210","3,180"
"23113",,"守山区","68,810","22,330","17,320","10,990","6,910","3,610"
"23114",,"緑区","93,650","22,320","25,060","18,100","12,740","6,890"
"23115",,"名東区","78,030","24,630","18,740","11,550","10,420","7,890"
"23116",,"天白区","77,850","16,880","14,430","9,090","8,240","5,970"
"23201",,"豊橋市","143,360","40,570","36,640","24,310","17,330","9,080"
"23202",,"岡崎市","136,670","33,700","36,230","25,310","20,940","12,150"
"23203",,"一宮市","138,180","43,730","36,980","23,320","15,710","7,710"
"23204",,"瀬戸市","50,090","15,190","13,090","8,270","6,400","3,040"
"23205",,"半田市","46,490","11,480","13,510","8,750","6,030","3,180"
"23206",,"春日井市","118,990","32,070","31,130","20,510","13,500","7,430"
"23207",,"豊川市","63,650","18,470","18,150","12,580","8,630","3,620"
"23208",,"津島市","23,540","7,520","6,470","4,230","2,540","1,460"
"23209",,"碧南市","23,970","5,570","6,600","4,720","3,410","2,500"
"23210",,"刈谷市","56,460","11,820","15,240","11,300","8,430","4,890"
"23211",,"豊田市","151,490","34,620","38,960","29,030","21,980","13,220"
"23212",,"安城市","68,100","16,950","19,530","13,480","9,940","6,120"
"23213",,"西尾市","52,520","11,180","14,430","11,200","8,220","5,330"
"23214",,"蒲郡市","28,920","9,360","7,870","5,040","3,460","1,680"
"23215",,"犬山市","27,400","7,890","6,980","5,140","3,400","1,770"
"23216",,"常滑市","22,420","6,860","7,330","4,090","2,220","1,180"
"23217",,"江南市","37,670","11,970","10,370","6,410","4,160","2,120"
"23219",,"小牧市","56,910","16,780","17,950","9,850","7,080","3,780"
"23220",,"稲沢市","47,240","13,470","13,210","9,240","6,140","3,250"
"23221",,"新城市","16,100","4,870","4,530","3,140","2,140","1,020"
"23222",,"東海市","41,660","11,700","12,940","7,300","6,170","2,460"
"23223",,"大府市","31,340","6,700","7,920","6,270","4,690","2,760"
"23224",,"知多市","30,830","8,250","8,370","6,100","4,580","1,990"
"23225",,"知立市","27,830","7,050","7,220","5,020","4,210","2,560"
"23226",,"尾張旭市","31,750","8,300","9,240","6,270","4,340","2,450"
"23227",,"高浜市","16,320","4,510","4,620","3,030","2,040","1,260"
"23228",,"岩倉市","19,050","5,770","5,510","3,060","1,710","950"
"23229",,"豊明市","27,190","7,690","8,300","4,490","3,280","2,200"
"23230",,"日進市","36,410","8,330","8,840","6,900","5,260","4,040"
"23231",,"田原市","20,630","3,680","6,670","4,050","3,440","2,590"
"23232",,"愛西市","21,070","6,000","5,960","4,130","3,210","1,300"
"23233",,"清須市","25,920","7,330","8,080","4,720","3,100","1,470"
"23234",,"北名古屋市","32,020","9,690","10,070","5,960","3,690","1,850"
"23235",,"弥富市","15,510","3,840","5,260","3,060","1,910","1,080"
"23236",,"みよし市","21,470","4,400","5,680","4,210","3,540","2,670"
"23237",,"あま市","32,090","9,730","10,140","5,330","3,070","1,680"
"23238",,"長久手市","21,660","5,350","4,870","3,410","3,240","1,760"
"23302",,"東郷町","15,300","3,400","4,170","3,040","2,200","1,360"
"23361",,"大口町","7,880","2,000","2,090","1,430","1,050","650"
"23362",,"扶桑町","12,300","3,190","3,140","2,800","1,970","680"
"23424",,"大治町","12,230","4,200","3,610","1,990","1,060","620"
"23425",,"蟹江町","14,500","4,150","4,600","2,630","1,860","930"
"23441",,"阿久比町","9,500","2,150","3,140","1,490","1,520","760"
"23442",,"東浦町","17,940","4,320","4,540","3,380","2,840","1,720"
"23445",,"南知多町","6,650","2,680","1,640","960","630","370"
"23446",,"美浜町","9,510","3,650","1,930","1,410","1,360","610"
"23447",,"武豊町","15,790","5,500","4,560","2,610","1,690","850"
"23501",,"幸田町","13,420","2,650","3,630","3,240","2,150","1,030"
"24201",,"津市","114,530","34,780","27,780","16,660","11,030","7,700"
"24202",,"四日市市","120,210","34,650","33,710","21,790","15,490","8,480"
"24203",,"伊勢市","49,820","18,070","14,640","8,020","4,630","2,240"
"24204",,"松阪市","64,450","24,490","17,040","9,740","7,120","3,130"
"24205",,"桑名市","51,040","14,410","12,480","8,710","6,950","3,720"
"24207",,"鈴鹿市","72,290","20,100","20,360","13,530","9,410","4,710"
"24208",,"名張市","29,990","9,080","8,740","4,960","3,560","1,760"
"24209",,"尾鷲市","8,720","4,610","2,000","980","500","270"
"24210",,"亀山市","19,310","4,730","5,190","3,650","2,400","1,180"
"24211",,"鳥羽市","8,150","4,140","1,830","990","690","430"
"24212",,"熊野市","8,650","5,210","1,790","720","520","220"
"24214",,"いなべ市","14,880","4,080","4,070","3,050","2,050","1,210"
"24215",,"志摩市","20,810","10,560","5,050","2,450","1,230","430"
"24216",,"伊賀市","33,890","11,640","9,490","4,830","3,770","1,990"
"24324",,"東員町","8,600","2,060","2,710","1,590","1,260","810"
"24341",,"菰野町","13,710","3,510","4,030","2,820","1,710","970"
"24441",,"多気町","5,110","2,110","1,520","720","550","210"
"24442",,"明和町","7,160","2,200","2,310","1,300","930","420"
"24461",,"玉城町","5,270","1,690","1,710","920","550","340"
"24543",,"紀北町","7,670","4,020","2,000","800","510","140"
"25201",,"大津市","133,190","42,040","36,570","21,240","17,030","9,370"
"25202",,"彦根市","45,170","15,790","12,890","6,920","4,830","2,860"
"25203",,"長浜市","41,840","13,680","11,900","6,940","4,600","2,860"
"25204",,"近江八幡市","29,080","8,460","8,280","5,040","3,570","1,580"
"25206",,"草津市","60,060","21,280","13,680","9,180","7,100","4,850"
"25207",,"守山市","27,460","6,080","8,080","5,900","4,460","2,290"
"25208",,"栗東市","22,990","4,830","7,450","5,050","3,590","1,470"
"25209",,"甲賀市","30,730","8,540","9,360","6,040","4,190","2,150"
"25210",,"野洲市","17,470","4,170","5,380","3,650","2,580","1,360"
"25211",,"湖南市","20,370","5,620","7,050","3,780","2,330","1,040"
"25212",,"高島市","18,300","7,070","5,730","2,670","1,640","870"
"25213",,"東近江市","38,010","11,000","11,580","6,840","4,250","2,850"
"25214",,"米原市","12,670","3,650","3,860","2,170","1,880","970"
"25383",,"日野町","7,870","2,710","2,230","1,470","980","440"
"25425",,"愛荘町","6,810","1,800","1,940","1,250","760","460"
"26100",,"京都市","694,210","299,410","158,640","79,900","49,860","30,910"
"26101",,"北区","58,390","28,490","10,780","6,330","3,830","3,160"
"26102",,"上京区","42,720","22,970","8,210","3,760","2,370","2,070"
"26103",,"左京区","84,120","38,050","16,370","8,300","6,210","4,880"
"26104",,"中京区","58,570","23,100","13,950","7,970","4,980","3,520"
"26105",,"東山区","21,600","11,470","3,700","1,470","1,040","700"
"26106",,"下京区","46,040","18,760","10,860","5,250","3,280","1,700"
"26107",,"南区","44,560","18,230","11,680","5,590","2,880","1,160"
"26108",,"右京区","91,050","38,030","22,970","11,030","7,330","3,500"
"26109",,"伏見区","125,480","49,890","27,090","14,320","8,270","4,640"
"26110",,"山科区","59,450","26,960","15,660","7,150","3,940","1,840"
"26111",,"西京区","62,240","23,460","17,390","8,720","5,720","3,730"
"26201",,"福知山市","31,620","12,370","9,510","5,070","2,870","1,270"
"26202",,"舞鶴市","34,420","12,730","9,910","4,980","2,740","1,050"
"26203",,"綾部市","13,500","5,840","3,980","1,850","1,130","440"
"26204",,"宇治市","73,720","26,530","21,430","12,110","7,070","3,240"
"26205",,"宮津市","7,730","3,770","2,210","800","580","200"
"26206",,"亀岡市","34,020","12,200","10,020","5,660","3,550","1,450"
"26207",,"城陽市","29,550","10,300","8,890","4,300","2,970","1,270"
"26208",,"向日市","21,220","7,580","5,390","3,380","2,190","1,280"
"26209",,"長岡京市","31,820","9,490","9,460","5,610","4,300","2,280"
"26210",,"八幡市","29,810","11,670","8,300","4,480","2,710","1,430"
"26211",,"京田辺市","29,330","11,120","7,440","4,620","3,280","1,670"
"26212",,"京丹後市","20,660","10,110","5,610","2,510","1,600","630"
"26213",,"南丹市","12,980","6,110","2,790","1,500","1,210","460"
"26214",,"木津川市","25,560","6,750","6,460","4,770","3,580","1,990"
"26303",,"大山崎町","5,740","1,980","1,840","820","800","270"
"26322",,"久御山町","6,260","2,640","1,670","1,020","450","240"
"26366",,"精華町","12,720","3,070","3,430","2,370","2,270","1,270"
"26407",,"京丹波町","5,290","2,480","1,440","670","420","250"
"26465",,"与謝野町","8,570","4,020","2,470","1,250","480","280"
"27100",,"大阪市","1,344,630","622,930","327,860","156,150","89,920","48,510"
"27102",,"都島区","51,410","23,260","12,910","6,650","4,170","2,410"
"27103",,"福島区","37,540","13,130","9,990","5,550","4,290","2,410"
"27104",,"此花区","30,050","14,000","7,960","3,780","2,080","700"
"27106",,"西区","50,600","16,530","16,140","6,630","4,950","1,790"
"27107",,"港区","39,830","20,150","10,860","4,210","2,510","1,260"
"27108",,"大正区","30,050","14,460","7,240","3,220","1,310","610"
"27109",,"天王寺区","37,410","13,170","8,840","5,320","3,520","3,670"
"27111",,"浪速区","44,330","22,230","9,220","2,640","1,490","960"
"27113",,"西淀川区","43,580","17,740","11,840","5,780","2,560","1,130"
"27114",,"東淀川区","93,520","47,210","21,830","8,480","4,760","1,990"
"27115",,"東成区","40,540","19,350","10,780","4,290","2,140","1,280"
"27116",,"生野区","61,550","35,900","12,440","5,330","2,590","1,250"
"27117",,"旭区","44,270","22,270","10,010","4,840","2,620","1,360"
"27118",,"城東区","76,870","33,900","18,940","10,630","6,310","3,100"
"27119",,"阿倍野区","51,310","21,340","11,680","7,290","5,200","4,260"
"27120",,"住吉区","72,440","37,930","15,420","7,500","4,450","2,790"
"27121",,"東住吉区","59,260","28,190","14,860","6,610","3,630","2,400"
"27122",,"西成区","70,620","45,900","10,100","3,080","1,950","620"
"27123",,"淀川区","94,630","39,860","25,030","11,880","6,540","2,640"
"27124",,"鶴見区","47,710","19,260","12,840","7,570","3,790","1,430"
"27125",,"住之江区","57,160","26,220","14,760","7,220","3,450","1,190"
"27126",,"平野区","86,590","45,540","21,250","10,050","4,930","2,100"
"27127",,"北区","70,810","23,240","19,550","10,840","6,190","3,560"
"27128",,"中央区","52,530","22,140","13,360","6,770","4,490","3,610"
"27140",,"堺市","353,030","148,890","91,670","48,680","32,660","15,060"
"27141",,"堺区","64,870","30,870","15,670","6,880","5,310","2,520"
"27142",,"中区","50,510","20,790","13,800","7,460","4,090","1,380"
"27143",,"東区","35,740","15,450","9,020","5,140","3,200","1,690"
"27144",,"西区","55,360","21,160","15,770","8,320","5,320","2,770"
"27145",,"南区","64,790","29,240","17,120","7,510","5,690","3,300"
"27146",,"北区","65,860","25,400","16,270","10,880","7,810","2,530"
"27147",,"美原区","15,900","5,980","4,010","2,480","1,230","850"
"27202",,"岸和田市","76,260","31,340","21,750","11,160","6,390","2,880"
"27203",,"豊中市","171,300","64,450","43,930","22,850","20,170","14,110"
"27204",,"池田市","45,100","16,440","10,390","5,940","5,290","2,950"
"27205",,"吹田市","158,440","48,410","32,660","21,970","16,520","10,710"
"27206",,"泉大津市","31,270","12,510","8,440","4,000","2,910","1,650"
"27207",,"高槻市","144,070","52,170","40,050","22,650","14,400","7,790"
"27208",,"貝塚市","33,840","11,960","8,970","4,680","3,040","1,450"
"27209",,"守口市","65,840","29,970","18,500","7,620","4,250","1,920"
"27210",,"枚方市","168,190","58,950","43,850","24,210","16,340","7,540"
"27211",,"茨木市","114,590","36,060","29,180","18,980","14,140","7,360"
"27212",,"八尾市","109,680","45,850","29,820","13,450","7,500","4,390"
"27213",,"泉佐野市","39,120","15,780","10,160","5,530","3,500","1,430"
"27214",,"富田林市","46,050","17,780","12,090","6,690","4,620","3,070"
"27215",,"寝屋川市","101,560","44,110","27,110","13,960","7,800","3,280"
"27216",,"河内長野市","41,870","13,910","11,960","7,370","4,920","2,790"
"27217",,"松原市","49,610","23,930","11,700","5,800","3,670","1,770"
"27218",,"大東市","52,900","24,050","14,280","6,330","3,990","1,350"
"27219",,"和泉市","70,480","26,790","18,760","11,150","7,000","3,350"
"27220",,"箕面市","56,980","19,770","14,890","8,420","6,730","4,650"
"27221",,"柏原市","29,300","11,500","8,380","4,340","2,530","1,150"
"27222",,"羽曳野市","42,430","16,770","10,770","6,590","3,660","2,120"
"27223",,"門真市","57,940","27,020","13,290","6,280","2,670","1,020"
"27224",,"摂津市","36,160","14,450","10,310","5,570","2,610","1,300"
"27225",,"高石市","23,170","8,130","6,170","3,550","2,370","1,420"
"27226",,"藤井寺市","26,730","10,320","7,150","3,550","2,250","1,200"
"27227",,"東大阪市","221,830","103,940","52,600","25,600","14,730","7,780"
"27228",,"泉南市","21,820","8,770","5,730","3,350","1,710","660"
"27229",,"四條畷市","20,870","7,020","5,290","3,740","1,800","920"
"27230",,"交野市","27,910","8,310","7,490","4,710","3,600","1,640"
"27231",,"大阪狭山市","23,220","8,090","6,420","4,030","2,090","1,500"
"27232",,"阪南市","20,880","7,720","6,450","3,010","2,230","1,150"
"27301",,"島本町","12,020","3,350","3,010","2,150","2,270","1,120"
"27321",,"豊能町","7,850","2,020","2,270","1,280","1,000","660"
"27341",,"忠岡町","6,780","2,610","1,940","660","770","400"
"27361",,"熊取町","14,810","4,300","4,320","2,090","1,970","930"
"27366",,"岬町","6,830","3,210","1,820","1,240","350","160"
"27382",,"河南町","5,670","1,790","1,310","1,270","760","440"
"28100",,"神戸市","718,630","263,160","167,650","88,400","68,530","40,310"
"28101",,"東灘区","97,740","27,920","19,700","12,590","10,920","8,910"
"28102",,"灘区","66,700","25,480","13,340","8,360","5,830","3,490"
"28105",,"兵庫区","56,400","26,760","14,290","4,850","2,700","1,290"
"28106",,"長田区","50,450","23,260","9,630","4,030","2,030","1,050"
"28107",,"須磨区","77,920","30,020","20,100","9,320","7,130","4,030"
"28108",,"垂水区","98,040","36,140","23,520","12,950","10,330","5,520"
"28109",,"北区","87,930","30,030","24,570","14,180","10,360","5,330"
"28110",,"中央区","84,180","32,480","17,800","7,330","6,420","3,050"
"28111",,"西区","99,270","31,080","24,710","14,780","12,800","7,640"
"28201",,"姫路市","216,870","78,760","56,110","31,650","21,610","10,860"
"28202",,"尼崎市","218,980","84,780","48,510","25,170","14,890","7,060"
"28203",,"明石市","124,760","41,970","31,130","17,590","11,030","5,840"
"28204",,"西宮市","233,500","71,090","54,860","33,700","26,190","19,780"
"28205",,"洲本市","17,950","7,890","4,370","2,500","1,490","550"
"28206",,"芦屋市","41,200","9,070","7,690","5,090","4,950","5,420"
"28207",,"伊丹市","82,150","25,150","22,890","13,830","8,380","4,020"
"28208",,"相生市","11,790","4,820","3,280","1,670","1,000","590"
"28209",,"豊岡市","28,570","10,860","8,850","3,990","3,040","1,390"
"28210",,"加古川市","103,010","32,990","28,830","16,040","10,960","4,910"
"28212",,"赤穂市","18,260","6,330","5,200","2,910","1,870","760"
"28213",,"西脇市","14,870","5,510","4,700","2,110","1,440","660"
"28214",,"宝塚市","102,180","23,180","21,370","14,200","12,610","8,150"
"28215",,"三木市","29,600","10,470","8,350","4,560","3,470","1,440"
"28216",,"高砂市","36,990","13,440","10,350","5,530","3,910","1,560"
"28217",,"川西市","64,940","18,960","17,790","9,450","7,550","4,240"
"28218",,"小野市","17,150","5,710","4,760","3,050","1,500","760"
"28219",,"三田市","43,140","9,670","10,560","8,260","7,240","4,510"
"28220",,"加西市","14,600","4,570","4,460","2,680","1,810","900"
"28221",,"篠山市","14,990","4,840","4,320","2,130","1,630","800"
"28222",,"養父市","8,820","3,630","2,520","1,290","780","450"
"28223",,"丹波市","22,430","8,670","6,550","3,580","2,220","1,190"
"28224",,"南あわじ市","16,510","6,610","4,950","2,420","1,390","770"
"28225",,"朝来市","11,680","4,630","3,430","1,720","1,230","590"
"28226",,"淡路市","17,020","8,100","4,620","2,260","1,140","610"
"28227",,"宍粟市","12,790","4,410","3,760","1,860","1,580","940"
"28228",,"加東市","14,260","5,560","4,050","2,500","1,510","590"
"28229",,"たつの市","27,830","10,050","7,730","4,290","3,310","1,640"
"28301",,"猪名川町","12,230","2,630","3,610","2,280","1,750","880"
"28365",,"多可町","6,560","2,440","1,970","1,050","800","290"
"28381",,"稲美町","10,750","3,270","3,080","1,820","1,400","530"
"28382",,"播磨町","12,440","4,300","3,530","2,120","1,460","620"
"28443",,"福崎町","6,250","2,120","1,730","1,100","860","300"
"28464",,"太子町","11,760","3,340","3,650","1,930","1,400","610"
"28481",,"上郡町","5,420","2,080","1,580","910","580","250"
"28501",,"佐用町","6,090","2,420","1,900","800","610","290"
"28585",,"香美町","6,240","2,420","1,650","990","680","390"
"28586",,"新温泉町","5,560","2,700","1,440","650","430","190"
"29201",,"奈良市","148,760","51,300","39,240","22,400","16,340","10,000"
"29202",,"大和高田市","25,270","11,730","6,640","3,720","2,220","930"
"29203",,"大和郡山市","34,460","12,880","9,690","5,310","3,350","1,630"
"29204",,"天理市","23,750","10,450","6,690","2,900","1,660","800"
"29205",,"橿原市","50,620","18,490","14,490","8,200","4,590","2,350"
"29206",,"桜井市","21,690","9,180","5,870","3,090","1,740","920"
"29207",,"五條市","11,270","5,080","3,040","1,560","1,060","520"
"29208",,"御所市","10,160","4,820","2,200","1,300","790","480"
"29209",,"生駒市","45,970","10,810","12,350","9,280","7,570","4,560"
"29210",,"香芝市","27,730","7,120","6,450","5,230","3,640","1,880"
"29211",,"葛城市","12,030","4,350","3,420","1,860","1,320","600"
"29212",,"宇陀市","11,790","5,410","3,110","1,760","1,010","500"
"29342",,"平群町","7,200","2,370","2,250","990","770","370"
"29343",,"三郷町","9,400","2,720","3,200","1,880","920","550"
"29344",,"斑鳩町","10,910","4,160","3,200","1,840","1,120","510"
"29363",,"田原本町","11,250","3,920","3,320","1,970","1,000","600"
"29424",,"上牧町","8,720","3,140","2,210","1,510","810","290"
"29425",,"王寺町","8,410","2,380","2,440","1,590","1,290","670"
"29426",,"広陵町","11,250","3,380","2,720","2,120","1,520","1,300"
"29427",,"河合町","6,870","2,320","1,840","1,180","750","420"
"29442",,"大淀町","6,670","2,830","1,970","950","640","150"
"30201",,"和歌山市","153,290","65,820","41,000","18,240","13,220","6,460"
"30202",,"海南市","20,480","9,390","5,390","2,450","1,840","950"
"30203",,"橋本市","22,860","7,620","6,660","3,620","2,550","1,350"
"30204",,"有田市","10,440","4,690","2,830","1,580","760","480"
"30205",,"御坊市","9,570","4,910","2,290","1,160","700","440"
"30206",,"田辺市","30,930","15,070","8,480","3,190","1,870","800"
"30207",,"新宮市","13,810","7,910","3,250","1,290","630","270"
"30208",,"紀の川市","23,210","10,020","6,420","3,570","1,850","1,180"
"30209",,"岩出市","20,580","8,200","6,250","3,020","1,680","700"
"30341",,"かつらぎ町","6,290","2,770","1,900","910","500","180"
"30366",,"有田川町","9,670","4,610","2,460","1,020","900","460"
"30401",,"白浜町","9,330","5,670","2,220","760","320","220"
"30421",,"那智勝浦町","7,520","4,590","1,690","560","420","160"
"30428",,"串本町","8,180","4,910","1,920","650","440","100"
"31201",,"鳥取市","72,790","25,570","17,800","9,530","6,660","2,770"
"31202",,"米子市","58,420","21,860","16,540","8,270","5,430","3,290"
"31203",,"倉吉市","18,490","7,990","4,960","2,650","1,380","900"
"31204",,"境港市","13,110","5,250","3,690","2,150","1,220","490"
"31329",,"八頭町","5,490","1,940","1,440","970","850","210"
"31370",,"湯梨浜町","5,260","1,790","1,740","790","500","250"
"31371",,"琴浦町","6,230","2,870","1,680","730","620","290"
"31372",,"北栄町","4,980","1,910","1,420","720","620","280"
"31386",,"大山町","5,490","2,100","1,670","940","360","360"
"32201",,"松江市","82,010","27,710","22,390","12,210","8,510","4,610"
"32202",,"浜田市","24,060","10,840","6,280","3,680","1,980","850"
"32203",,"出雲市","57,000","19,830","15,520","9,570","6,480","3,400"
"32204",,"益田市","19,210","9,380","5,270","2,500","1,170","590"
"32205",,"大田市","13,540","6,620","3,600","1,810","1,140","360"
"32206",,"安来市","12,460","3,910","3,670","2,190","1,640","890"
"32207",,"江津市","9,820","4,790","2,700","1,200","750","290"
"32209",,"雲南市","12,650","4,500","3,520","2,170","1,630","790"
"32528",,"隠岐の島町","6,050","2,990","1,520","830","570","140"
"33100",,"岡山市","294,690","102,760","77,140","44,090","28,280","16,280"
"33101",,"北区","136,130","52,190","33,200","18,510","12,360","8,130"
"33102",,"中区","59,770","19,200","15,300","8,100","6,260","3,290"
"33103",,"東区","36,440","11,470","11,550","5,920","3,650","1,730"
"33104",,"南区","62,340","19,900","17,090","11,550","6,010","3,120"
"33202",,"倉敷市","180,650","61,040","55,680","28,730","16,180","8,580"
"33203",,"津山市","41,390","15,640","11,200","5,270","3,170","1,520"
"33204",,"玉野市","24,130","9,600","6,940","3,690","2,240","1,020"
"33205",,"笠岡市","17,560","7,400","4,740","2,890","1,510","880"
"33207",,"井原市","14,470","5,970","3,930","2,150","1,350","900"
"33208",,"総社市","23,620","7,680","7,360","4,040","2,340","1,390"
"33209",,"高梁市","12,980","6,460","3,060","1,540","1,050","640"
"33210",,"新見市","11,760","5,340","3,060","1,750","950","630"
"33211",,"備前市","13,010","5,470","3,610","1,590","1,210","740"
"33212",,"瀬戸内市","13,790","5,020","4,480","2,000","1,410","660"
"33213",,"赤磐市","16,010","6,030","4,780","2,600","1,430","810"
"33214",,"真庭市","15,870","6,460","4,420","2,490","1,470","860"
"33215",,"美作市","10,670","4,970","3,120","1,210","900","470"
"33216",,"浅口市","12,300","4,630","3,610","2,110","1,360","520"
"33346",,"和気町","5,380","2,070","1,610","760","590","300"
"33461",,"矢掛町","4,750","2,040","1,290","700","530","160"
"33666",,"美咲町","5,240","2,240","1,520","830","430","220"
"34100",,"広島市","507,520","171,720","147,070","81,500","53,490","28,290"
"34101",,"中区","68,830","28,210","17,340","8,560","5,520","4,720"
"34102",,"東区","53,410","18,220","13,880","8,120","5,010","3,170"
"34103",,"南区","66,390","22,740","19,210","10,910","7,310","3,830"
"34104",,"西区","85,820","30,150","24,270","13,050","8,990","5,700"
"34105",,"安佐南区","94,120","25,780","27,890","18,180","11,720","4,540"
"34106",,"安佐北区","56,500","21,140","18,960","8,210","5,170","2,210"
"34107",,"安芸区","28,320","9,070","9,230","5,040","3,020","1,260"
"34108",,"佐伯区","54,140","16,410","16,280","9,440","6,750","2,860"
"34202",,"呉市","100,080","38,670","28,000","13,450","8,420","3,670"
"34203",,"竹原市","10,650","4,740","2,790","1,360","840","400"
"34204",,"三原市","38,960","15,240","11,090","5,110","3,630","1,750"
"34205",,"尾道市","56,900","24,870","15,410","7,070","4,980","2,250"
"34207",,"福山市","178,610","63,420","52,470","26,500","15,230","8,250"
"34208",,"府中市","14,940","5,880","4,660","2,230","1,280","740"
"34209",,"三次市","20,270","7,780","6,480","3,180","1,630","730"
"34210",,"庄原市","15,370","7,070","4,060","1,980","1,340","770"
"34211",,"大竹市","11,570","4,440","3,590","1,580","1,100","510"
"34212",,"東広島市","80,950","31,450","21,670","12,450","7,870","3,360"
"34213",,"廿日市市","44,490","14,090","13,430","7,290","5,340","2,510"
"34214",,"安芸高田市","11,040","4,480","3,280","1,760","880","380"
"34215",,"江田島市","10,670","5,570","2,790","1,230","700","250"
"34302",,"府中町","21,330","6,150","5,730","3,800","2,580","1,370"
"34304",,"海田町","11,370","3,460","3,730","2,360","1,080","360"
"34307",,"熊野町","8,960","3,420","2,610","1,390","780","340"
"34369",,"北広島町","7,180","3,220","2,090","870","650","190"
"34462",,"世羅町","6,070","2,620","1,910","820","510","220"
"35201",,"下関市","117,090","50,040","32,260","15,050","10,560","4,230"
"35202",,"宇部市","71,130","28,000","17,960","8,710","5,730","3,300"
"35203",,"山口市","82,280","31,530","20,970","12,750","8,140","3,760"
"35204",,"萩市","21,380","10,840","5,370","2,580","1,310","860"
"35206",,"防府市","46,520","17,310","13,850","7,220","4,660","2,030"
"35207",,"下松市","23,200","7,820","6,720","3,810","2,420","1,210"
"35208",,"岩国市","56,960","23,220","16,200","8,820","5,050","1,930"
"35210",,"光市","20,750","7,570","6,570","3,020","2,020","980"
"35211",,"長門市","13,880","6,810","3,600","1,660","1,110","470"
"35212",,"柳井市","14,610","6,880","3,580","2,050","1,230","480"
"35213",,"美祢市","10,210","4,320","2,860","1,560","950","380"
"35215",,"周南市","61,540","24,010","17,670","8,680","5,990","2,800"
"35216",,"山陽小野田市","25,870","10,520","7,640","3,590","2,360","840"
"35305",,"周防大島町","8,270","5,020","1,810","560","520","180"
"35343",,"田布施町","6,560","2,650","2,030","990","650","190"
"36201",,"徳島市","112,640","51,050","28,130","12,610","8,810","5,540"
"36202",,"鳴門市","22,580","9,500","5,540","3,400","2,330","1,220"
"36203",,"小松島市","15,150","7,100","4,160","1,870","1,100","480"
"36204",,"阿南市","26,460","10,400","7,240","4,020","2,550","1,370"
"36205",,"吉野川市","15,470","7,740","4,020","1,870","840","570"
"36206",,"阿波市","12,910","6,270","3,030","1,610","1,080","700"
"36207",,"美馬市","11,730","6,370","2,960","990","740","300"
"36208",,"三好市","11,850","6,580","2,930","1,140","740","370"
"36341",,"石井町","8,840","3,250","2,390","1,300","960","530"
"36401",,"松茂町","5,650","2,170","1,690","710","470","450"
"36402",,"北島町","8,880","2,840","1,910","1,330","970","580"
"36403",,"藍住町","12,240","4,500","3,360","2,240","1,090","660"
"36489",,"東みよし町","5,360","2,420","1,340","770","570","130"
"37201",,"高松市","177,950","69,900","47,520","25,560","16,900","7,830"
"37202",,"丸亀市","41,180","15,120","13,780","5,940","3,310","1,930"
"37203",,"坂出市","20,660","7,870","5,700","3,070","1,700","910"
"37204",,"善通寺市","12,650","5,260","3,560","2,080","1,250","380"
"37205",,"観音寺市","22,600","8,890","6,830","3,290","1,770","1,170"
"37206",,"さぬき市","19,260","8,480","5,260","2,830","1,470","890"
"37207",,"東かがわ市","12,490","6,060","3,130","1,640","930","530"
"37208",,"三豊市","22,740","8,840","6,350","3,910","2,280","1,150"
"37322",,"土庄町","6,340","3,130","1,820","720","370","250"
"37324",,"小豆島町","6,350","3,190","1,630","710","570","250"
"37341",,"三木町","10,520","4,440","2,850","1,450","1,040","520"
"37386",,"宇多津町","7,430","2,640","1,460","920","840","450"
"37387",,"綾川町","8,200","2,810","2,600","1,190","930","550"
"37404",,"多度津町","8,480","3,360","2,180","1,410","810","700"
"37406",,"まんのう町","6,560","2,850","1,750","810","670","370"
"38201",,"松山市","226,350","101,710","62,250","26,950","16,940","8,680"
"38202",,"今治市","66,570","34,140","18,490","7,530","3,850","1,850"
"38203",,"宇和島市","31,940","17,420","7,680","3,660","1,850","930"
"38204",,"八幡浜市","15,580","7,930","3,830","1,780","1,050","550"
"38205",,"新居浜市","49,350","19,930","13,760","7,010","4,200","2,030"
"38206",,"西条市","43,780","18,210","11,750","5,920","3,800","1,750"
"38207",,"大洲市","17,660","9,100","4,600","1,940","1,210","480"
"38210",,"伊予市","13,890","5,950","3,690","1,720","990","400"
"38213",,"四国中央市","33,910","13,160","9,370","4,970","3,410","1,620"
"38214",,"西予市","16,320","9,070","4,090","1,700","980","380"
"38215",,"東温市","13,280","5,460","3,740","1,930","1,110","580"
"38401",,"松前町","11,520","4,910","3,290","1,630","1,010","330"
"38402",,"砥部町","7,980","3,230","2,650","1,120","530","270"
"38422",,"内子町","6,670","4,100","1,280","790","360","110"
"38506",,"愛南町","9,150","5,160","2,110","1,060","560","250"
"39201",,"高知市","154,680","63,640","30,900","16,490","10,580","5,190"
"39202",,"室戸市","6,640","4,660","1,210","420","240","70"
"39203",,"安芸市","8,220","4,780","1,900","790","510","170"
"39204",,"南国市","18,820","8,160","4,720","2,480","1,250","720"
"39205",,"土佐市","10,190","5,040","2,670","1,150","800","330"
"39206",,"須崎市","9,360","5,140","2,150","1,110","510","270"
"39208",,"宿毛市","9,430","5,660","2,230","870","440","190"
"39209",,"土佐清水市","6,870","4,470","1,450","520","250","190"
"39210",,"四万十市","15,000","7,850","3,720","1,710","790","370"
"39211",,"香南市","12,490","5,940","3,300","1,560","900","420"
"39212",,"香美市","12,080","6,520","2,500","1,100","530","390"
"39386",,"いの町","9,450","4,450","2,250","1,420","900","400"
"39412",,"四万十町","7,670","5,150","1,330","610","320","210"
"40100",,"北九州市","424,640","192,570","111,780","55,740","31,770","16,860"
"40101",,"門司区","44,000","21,460","11,700","5,470","2,600","1,520"
"40103",,"若松区","33,360","13,570","9,230","4,510","3,410","1,740"
"40105",,"戸畑区","27,790","13,510","6,530","3,650","1,840","910"
"40106",,"小倉北区","88,750","43,560","21,210","9,340","6,250","3,440"
"40107",,"小倉南区","89,220","37,490","25,240","13,890","7,010","3,280"
"40108",,"八幡東区","31,780","15,390","8,450","3,470","2,120","1,280"
"40109",,"八幡西区","109,730","47,600","29,410","15,410","8,550","4,680"
"40130",,"福岡市","745,940","329,970","189,610","91,940","62,200","35,070"
"40131",,"東区","142,130","62,200","37,890","18,030","12,210","5,110"
"40132",,"博多区","135,730","69,680","33,230","13,600","6,730","2,030"
"40133",,"中央区","111,100","48,210","28,410","12,800","8,840","8,000"
"40134",,"南区","115,480","48,460","30,470","14,400","10,170","5,180"
"40135",,"西区","86,280","34,630","22,680","13,390","8,700","4,070"
"40136",,"城南区","63,320","31,320","13,920","6,660","5,070","3,670"
"40137",,"早良区","91,890","35,480","23,010","13,060","10,490","7,030"
"40202",,"大牟田市","49,120","25,220","11,940","4,820","3,060","1,690"
"40203",,"久留米市","120,080","49,350","31,430","15,020","9,700","5,850"
"40204",,"直方市","21,870","10,560","6,020","2,740","1,430","600"
"40205",,"飯塚市","54,250","27,500","13,170","6,100","3,490","1,660"
"40206",,"田川市","21,210","12,540","4,630","1,650","1,010","550"
"40207",,"柳川市","22,530","9,790","6,690","3,480","1,590","780"
"40210",,"八女市","22,240","10,560","5,960","2,510","1,810","1,010"
"40211",,"筑後市","17,240","7,200","5,140","2,530","1,530","680"
"40212",,"大川市","11,720","5,600","3,240","1,480","740","490"
"40213",,"行橋市","28,710","11,960","8,770","4,250","2,530","890"
"40214",,"豊前市","9,950","4,360","2,640","1,470","860","430"
"40215",,"中間市","18,060","8,770","4,700","1,990","1,240","460"
"40216",,"小郡市","21,010","7,160","6,370","3,280","2,470","1,060"
"40217",,"筑紫野市","40,920","13,240","12,790","6,450","4,510","1,990"
"40218",,"春日市","42,420","14,540","13,090","6,720","4,780","1,960"
"40219",,"大野城市","38,180","12,690","11,440","6,510","4,440","1,880"
"40220",,"宗像市","38,420","14,190","10,420","6,250","4,280","1,770"
"40221",,"太宰府市","28,450","10,410","8,950","4,240","2,400","1,260"
"40223",,"古賀市","22,260","7,520","7,010","3,810","2,330","1,140"
"40224",,"福津市","22,110","7,820","7,210","3,610","2,180","830"
"40225",,"うきは市","9,540","4,020","2,770","1,450","800","450"
"40226",,"宮若市","10,670","4,800","2,790","1,640","1,010","300"
"40227",,"嘉麻市","16,010","9,520","3,730","1,380","850","350"
"40228",,"朝倉市","19,390","7,900","5,340","2,860","1,730","730"
"40229",,"みやま市","12,800","5,770","3,550","1,740","1,100","500"
"40230",,"糸島市","34,400","13,780","9,860","5,260","3,560","1,320"
"40305",,"那珂川町","17,970","5,920","6,160","3,040","1,550","580"
"40341",,"宇美町","13,510","4,210","4,980","2,200","1,270","650"
"40342",,"篠栗町","11,600","4,150","4,150","1,980","790","420"
"40343",,"志免町","17,070","6,170","5,070","3,100","1,370","820"
"40344",,"須恵町","9,120","3,480","3,250","1,120","710","380"
"40345",,"新宮町","10,130","3,090","2,660","2,150","1,160","890"
"40349",,"粕屋町","17,070","5,360","5,930","3,220","1,390","400"
"40381",,"芦屋町","5,920","2,520","1,650","800","510","210"
"40382",,"水巻町","12,440","5,060","2,970","1,350","810","300"
"40383",,"岡垣町","11,930","4,600","3,670","2,110","970","410"
"40384",,"遠賀町","7,120","2,670","2,200","1,280","700","210"
"40402",,"鞍手町","6,470","3,020","1,640","850","590","180"
"40447",,"筑前町","9,570","3,540","2,850","1,570","1,020","500"
"40503",,"大刀洗町","4,790","1,850","1,630","720","400","130"
"40544",,"広川町","6,780","3,120","1,730","840","660","410"
"40605",,"川崎町","7,480","5,290","1,330","540","150","170"
"40610",,"福智町","9,100","5,650","2,070","810","440","90"
"40621",,"苅田町","16,060","6,800","4,460","2,210","1,450","690"
"40625",,"みやこ町","6,900","3,220","1,830","1,020","460","250"
"40647",,"築上町","8,290","4,800","2,000","950","380","90"
"41201",,"佐賀市","88,450","33,850","22,360","11,550","8,090","4,680"
"41202",,"唐津市","43,920","19,260","12,190","5,980","3,420","2,120"
"41203",,"鳥栖市","26,430","9,250","7,260","5,070","2,440","1,130"
"41204",,"多久市","6,960","3,330","1,830","820","570","310"
"41205",,"伊万里市","18,820","8,060","5,650","2,640","1,640","690"
"41206",,"武雄市","16,710","6,220","4,940","2,460","1,390","930"
"41207",,"鹿島市","9,600","3,850","2,770","1,430","950","550"
"41208",,"小城市","14,600","5,180","4,410","2,380","1,610","700"
"41209",,"嬉野市","9,030","3,960","2,440","1,270","780","410"
"41210",,"神埼市","11,230","4,710","3,120","1,910","1,030","390"
"41327",,"吉野ヶ里町","5,920","2,410","1,830","550","630","230"
"41341",,"基山町","6,400","2,490","1,770","980","660","320"
"41346",,"みやき町","8,620","3,330","2,560","1,390","950","390"
"41401",,"有田町","6,820","2,920","2,000","790","750","240"
"41425",,"白石町","7,510","2,890","2,030","990","930","640"
"42201",,"長崎市","196,380","79,530","42,600","21,990","13,100","6,640"
"42202",,"佐世保市","101,330","44,970","25,630","12,050","6,110","2,670"
"42203",,"島原市","16,870","9,200","4,410","1,830","830","530"
"42204",,"諫早市","51,190","22,720","14,750","7,580","4,110","1,890"
"42205",,"大村市","34,450","13,430","9,670","5,070","2,380","1,030"
"42207",,"平戸市","12,120","6,670","2,840","1,360","880","250"
"42208",,"松浦市","8,500","4,360","2,040","1,100","720","250"
"42209",,"対馬市","13,380","7,510","3,170","1,440","830","390"
"42210",,"壱岐市","9,510","4,750","2,560","980","770","350"
"42211",,"五島市","17,600","11,350","3,500","1,450","660","240"
"42212",,"西海市","10,740","5,480","3,160","1,230","630","150"
"42213",,"雲仙市","15,150","7,900","4,090","1,630","860","400"
"42214",,"南島原市","16,010","8,870","4,020","1,690","910","450"
"42307",,"長与町","14,620","4,300","4,620","2,450","1,980","1,040"
"42308",,"時津町","10,900","3,780","3,610","2,060","960","430"
"42323",,"波佐見町","4,830","1,750","1,490","790","330","160"
"42411",,"新上五島町","9,170","5,320","2,350","1,010","360","120"
"43100",,"熊本市","307,610","128,980","78,750","39,770","23,600","13,120"
"43101",,"中央区","90,350","41,620","19,130","8,950","7,180","4,560"
"43102",,"東区","77,490","29,350","21,300","11,700","6,380","3,520"
"43103",,"西区","39,040","18,520","9,210","4,020","2,520","1,420"
"43104",,"南区","45,340","16,990","13,190","7,370","3,160","1,660"
"43105",,"北区","55,400","22,500","15,910","7,720","4,350","1,960"
"43202",,"八代市","48,160","22,060","12,640","5,720","3,580","1,890"
"43203",,"人吉市","13,390","7,380","3,160","1,360","690","390"
"43204",,"荒尾市","21,160","10,640","5,900","2,260","1,260","480"
"43205",,"水俣市","10,870","6,140","2,690","1,180","610","230"
"43206",,"玉名市","24,050","11,270","6,240","2,890","2,300","1,000"
"43208",,"山鹿市","19,310","9,670","5,490","1,960","1,350","690"
"43210",,"菊池市","16,450","7,200","4,370","2,310","1,500","760"
"43211",,"宇土市","13,040","5,650","3,800","1,740","1,170","490"
"43212",,"上天草市","10,570","5,960","2,530","1,200","470","300"
"43213",,"宇城市","20,660","9,370","5,760","2,510","1,720","1,040"
"43214",,"阿蘇市","9,980","5,040","2,630","1,030","800","360"
"43215",,"天草市","33,030","19,310","7,510","3,510","1,800","760"
"43216",,"合志市","19,390","6,740","6,000","3,170","2,410","940"
"43368",,"長洲町","5,770","2,440","1,550","940","550","260"
"43403",,"大津町","11,770","4,450","2,940","2,150","1,130","520"
"43404",,"菊陽町","15,600","4,910","4,180","2,890","2,110","610"
"43441",,"御船町","5,880","2,690","1,650","820","590","130"
"43443",,"益城町","10,720","3,530","3,620","1,960","1,070","490"
"43447",,"山都町","5,600","3,020","1,560","520","310","160"
"43482",,"芦北町","6,540","3,220","1,790","870","480","180"
"43514",,"あさぎり町","5,290","2,600","1,340","730","370","240"
"44201",,"大分市","198,070","72,240","48,510","27,640","17,340","7,100"
"44202",,"別府市","59,630","32,530","12,740","4,940","2,480","1,480"
"44203",,"中津市","33,350","15,540","9,090","4,160","2,360","940"
"44204",,"日田市","25,040","11,970","7,120","2,940","1,530","950"
"44205",,"佐伯市","28,900","14,820","7,590","3,140","1,550","810"
"44206",,"臼杵市","14,580","6,850","4,200","1,780","1,090","530"
"44207",,"津久見市","7,850","4,060","2,060","940","520","180"
"44208",,"竹田市","9,120","4,680","2,340","1,020","600","340"
"44209",,"豊後高田市","9,240","4,980","2,430","1,010","550","200"
"44210",,"杵築市","11,580","5,750","3,130","1,280","710","370"
"44211",,"宇佐市","21,490","10,870","5,260","2,870","1,450","810"
"44212",,"豊後大野市","14,560","7,920","3,660","1,640","880","430"
"44213",,"由布市","13,080","5,810","3,650","1,560","710","440"
"44214",,"国東市","12,200","7,080","2,710","1,390","630","290"
"44341",,"日出町","10,320","4,860","2,930","1,350","770","310"
"44462",,"玖珠町","5,810","3,030","1,510","670","460","150"
"45201",,"宮崎市","173,200","79,770","44,260","20,560","13,160","5,430"
"45202",,"都城市","70,190","39,560","17,710","6,720","3,690","1,370"
"45203",,"延岡市","51,700","26,570","13,170","5,610","2,770","1,400"
"45204",,"日南市","22,010","11,990","5,240","2,430","1,250","640"
"45205",,"小林市","19,640","10,840","4,800","2,010","1,000","580"
"45206",,"日向市","24,750","12,150","6,650","3,100","1,480","670"
"45207",,"串間市","7,960","4,870","1,820","620","340","230"
"45208",,"西都市","11,940","6,380","3,090","1,310","650","390"
"45209",,"えびの市","8,760","5,610","1,910","740","340","90"
"45341",,"三股町","9,990","5,090","2,510","1,220","730","240"
"45382",,"国富町","7,610","3,960","1,770","850","540","290"
"45401",,"高鍋町","8,500","4,430","2,190","1,230","360","210"
"45402",,"新富町","6,420","2,870","2,010","840","570","140"
"45405",,"川南町","5,870","3,100","1,490","730","290","240"
"45421",,"門川町","7,160","3,880","1,670","880","430","200"
"46201",,"鹿児島市","267,790","124,250","74,180","34,760","17,510","7,510"
"46203",,"鹿屋市","42,650","24,280","10,750","4,270","1,990","920"
"46204",,"枕崎市","9,840","5,840","2,370","980","450","150"
"46206",,"阿久根市","9,740","6,070","2,270","770","400","220"
"46208",,"出水市","22,850","13,370","5,730","2,200","980","470"
"46210",,"指宿市","17,790","10,740","4,350","1,610","730","290"
"46213",,"西之表市","7,390","4,630","1,560","760","330","110"
"46214",,"垂水市","7,050","4,340","1,750","520","310","120"
"46215",,"薩摩川内市","39,420","20,800","10,340","4,470","2,530","830"
"46216",,"日置市","20,290","10,900","5,210","2,570","1,000","380"
"46217",,"曽於市","16,380","10,010","4,050","1,310","680","290"
"46218",,"霧島市","53,460","29,020","13,250","6,210","2,760","1,060"
"46219",,"いちき串木野市","12,400","6,780","3,330","1,360","650","190"
"46220",,"南さつま市","15,010","9,380","3,510","1,270","620","240"
"46221",,"志布志市","13,750","8,600","2,970","1,240","580","290"
"46222",,"奄美市","19,780","12,840","3,750","1,700","1,010","450"
"46223",,"南九州市","15,110","8,890","3,670","1,480","750","300"
"46224",,"伊佐市","10,890","6,240","2,750","1,200","470","230"
"46225",,"姶良市","29,700","14,890","8,740","3,680","1,760","530"
"46392",,"さつま町","9,640","5,230","2,540","900","790","100"
"46492",,"肝付町","6,830","4,600","1,370","460","250","150"
"47201",,"那覇市","132,280","70,760","25,940","12,660","6,550","4,220"
"47205",,"宜野湾市","37,970","20,460","8,730","3,030","1,520","740"
"47207",,"石垣市","19,960","11,780","4,140","1,470","940","260"
"47208",,"浦添市","43,760","22,110","10,350","3,320","2,500","1,080"
"47209",,"名護市","26,070","17,320","5,010","1,810","660","250"
"47210",,"糸満市","19,880","11,700","4,440","1,720","660","210"
"47211",,"沖縄市","50,040","26,260","9,930","3,780","2,310","1,110"
"47212",,"豊見城市","21,100","9,610","6,200","2,330","1,220","640"
"47213",,"うるま市","41,350","25,230","8,930","2,850","1,440","520"
"47214",,"宮古島市","21,710","13,870","4,030","1,290","800","380"
"47215",,"南城市","13,100","7,760","3,380","1,140","510","160"
"47324",,"読谷村","12,180","6,830","2,660","1,260","590","160"
"47326",,"北谷町","10,250","4,330","2,270","960","510","290"
"47327",,"北中城村","6,010","3,090","1,240","730","390","150"
"47328",,"中城村","6,740","3,780","1,740","720","290","140"
"47329",,"西原町","11,940","6,870","2,570","850","660","310"
"47348",,"与那原町","6,520","3,840","1,360","560","290","180"
"47350",,"南風原町","11,600","5,790","2,910","1,310","790","300"
"47362",,"八重瀬町","8,940","5,460","2,070","780","410","90"
